t	period	load	pv	z_settle	EXPLOIT	R_FE96	R_P	S_AR
1	1	51.75	0.0	52.02	-1.0	1.0	1.0	1.0
2	1	52.54	0.0	52.71	-1.0	1.0	1.0	1.0
3	1	51.71	0.0	51.28	-1.0	1.0	1.0	1.0
4	1	52.14	0.0	51.81	-1.0	1.0	1.0	1.0
5	1	51.62	0.0	51.37	-1.0	1.0	1.0	1.0
6	1	52.35	0.0	52.05	-1.0	1.0	1.0	1.0
7	1	52.09	0.0	51.51	-1.0	1.0	1.0	1.0
8	1	52.11	0.0	52.36	-1.0	1.0	1.0	1.0
9	1	52.51	0.0	51.42	-1.0	1.0	1.0	1.0
10	1	52.09	0.0	51.77	-1.0	1.0	1.0	1.0
11	1	51.87	0.0	51.92	-1.0	1.0	1.0	1.0
12	1	52.13	0.0	51.9	-1.0	1.0	1.0	1.0
13	1	51.18	0.0	51.84	-1.0	1.0	1.0	1.0
14	1	52.1	0.0	51.81	-1.0	1.0	1.0	1.0
15	1	51.39	0.0	52.69	-1.0	1.0	1.0	1.0
16	1	51.91	0.0	51.12	-1.0	1.0	1.0	1.0
17	1	52.3	0.0	52.03	-1.0	0.8	0.8	0.8
18	1	52.07	0.0	52.55	-1.0	0.0	0.0	0.0
19	1	52.79	0.0	51.61	-1.0	0.0	0.0	0.0
20	1	52.31	0.0	51.67	-1.0	0.0	0.0	0.0
21	1	52.1	0.0	51.7	-1.0	0.0	0.0	0.0
22	1	52.25	0.0	52.95	-1.0	0.0	0.0	0.0
23	1	53.13	0.0	51.37	-1.0	0.0	0.0	0.0
24	1	52.07	0.0	50.82	-1.0	0.0	0.0	0.0
25	1	52.72	0.0	52.34	-1.0	0.0	0.0	0.0
26	1	52.34	0.0	52.56	-1.0	0.0	0.0	0.0
27	1	52.29	0.0	52.24	-1.0	0.0	0.0	0.0
28	1	52.38	0.17	58.11	-1.0	0.0	0.0	0.0
29	1	53.52	1.18	60.03	-1.0	0.0	-1.0	-1.0
30	1	51.98	3.46	65.19	-1.0	0.0	-1.0	-1.0
31	1	52.99	7.24	61.27	-1.0	0.0	-1.0	-1.0
32	1	52.94	12.17	56.45	-1.0	-0.5	-1.0	-1.0
33	1	52.54	17.4	52.25	-1.0	-0.8	-1.0	-1.0
34	1	52.42	23.79	47.36	-1.0	-0.2	-1.0	-1.0
35	1	53.12	30.37	39.72	-1.0	0.0	-1.0	-1.0
36	1	52.88	36.87	33.1	-1.0	0.0	-1.0	-1.0
37	1	53.26	42.94	27.14	-1.0	0.0	-1.0	0.0
38	1	53.07	49.01	20.75	-1.0	0.0	-1.0	-1.0
39	1	53.36	55.53	12.33	-1.0	0.0	-1.0	-1.0
40	1	53.6	61.01	5.7	-1.0	0.0	-0.6	-1.0
41	1	51.59	65.99	0.33	-1.0	0.0	-0.3	-0.2
42	1	52.87	69.47	-3.13	-1.0	0.0	0.0	-0.8
43	1	52.66	73.99	-9.53	-1.0	0.0	0.2	-0.2
44	1	53.24	78.37	-17.05	-1.0	0.0	0.5	-0.3
45	1	52.38	82.53	-19.87	-1.0	0.0	0.9	0.5
46	1	53.23	86.99	-22.01	-1.0	-0.3	1.0	-0.1
47	1	52.58	83.36	-26.29	-1.0	-0.4	1.0	0.5
48	1	53.06	95.27	-28.65	-1.0	-1.0	1.0	-0.1
49	1	52.27	90.72	-31.02	-1.0	-1.0	1.0	0.6
50	1	52.66	87.38	-31.99	-1.0	-1.0	1.0	0.1
51	1	52.93	98.78	-32.65	-1.0	-1.0	1.0	1.0
52	1	52.79	98.45	-33.55	-1.0	-1.0	1.0	1.0
53	1	52.71	99.95	-35.52	-1.0	-1.0	1.0	1.0
54	1	52.27	101.11	-21.59	-1.0	-1.0	1.0	1.0
55	1	52.88	103.1	-38.7	-1.0	-1.0	1.0	1.0
56	1	52.31	90.65	-37.42	-1.0	-1.0	1.0	1.0
57	1	51.65	102.48	-34.04	-1.0	-0.4	0.6	1.0
58	1	52.98	77.7	-34.02	-1.0	-0.4	0.0	0.7
59	1	52.97	100.77	-24.41	-1.0	-0.1	0.0	1.0
60	1	52.63	87.51	-27.71	-1.0	0.0	0.0	0.8
61	1	53.83	80.31	-24.36	-1.0	0.0	0.0	0.5
62	1	52.5	53.01	-18.92	-1.0	0.0	0.0	0.8
63	1	52.67	62.2	-13.27	-1.0	0.0	0.0	0.4
64	1	52.95	43.84	-7.19	-1.0	-0.1	0.0	0.5
65	1	52.68	68.74	-4.98	-1.0	0.0	0.0	0.2
66	1	52.99	60.11	-1.01	-1.0	0.0	0.0	0.0
67	1	52.41	79.2	2.31	-1.0	-0.4	0.0	0.0
68	1	52.68	69.3	8.83	-1.0	-1.0	-0.1	0.0
69	1	53.1	54.73	15.29	-1.0	-1.0	-0.5	-0.3
70	1	52.32	45.43	24.42	-1.0	-0.5	-0.8	-0.6
71	1	52.36	58.64	22.88	-1.0	0.0	-1.0	-0.8
72	1	52.28	52.39	21.46	-1.0	0.0	-1.0	-0.9
73	1	52.69	44.99	26.55	-1.0	0.0	-1.0	-0.8
74	1	52.75	36.64	33.76	-1.0	0.0	-1.0	-1.0
75	1	52.28	30.75	43.09	-1.0	0.0	-1.0	-1.0
76	1	52.41	22.97	50.28	-1.0	0.0	-1.0	-1.0
77	1	51.44	16.33	56.58	-1.0	0.0	-1.0	-1.0
78	1	51.56	11.82	48.22	-1.0	0.0	-1.0	-1.0
79	1	52.29	6.8	51.56	-1.0	0.0	-1.0	-1.0
80	1	51.59	3.49	54.47	-1.0	0.0	-1.0	-1.0
81	1	51.55	1.46	54.43	-1.0	0.0	-1.0	-1.0
82	1	51.91	0.66	56.82	-1.0	0.0	-1.0	-1.0
83	1	52.57	0.08	56.12	-1.0	0.0	-1.0	-0.7
84	1	51.44	0.0	57.47	-1.0	0.0	-0.7	-1.0
85	1	51.66	0.0	57.34	-1.0	0.0	0.0	-0.3
86	1	51.58	0.0	55.78	-1.0	0.0	0.0	-0.3
87	1	51.41	0.0	56.62	-1.0	0.0	0.0	0.0
88	1	52.57	0.0	54.97	-1.0	0.0	0.0	0.0
89	1	51.09	0.0	56.6	-1.0	0.0	0.0	0.0
90	1	52.41	0.0	55.71	-1.0	0.0	0.0	0.0
91	1	51.58	0.0	55.84	-1.0	0.0	0.0	0.0
92	1	52.47	0.0	55.7	-1.0	0.0	0.0	0.0
93	1	52.54	0.0	55.95	-1.0	1.0	1.0	1.0
94	1	52.04	0.0	55.66	-1.0	1.0	1.0	1.0
95	1	53.36	0.0	53.91	-1.0	1.0	1.0	1.0
96	1	52.37	0.0	53.67	-1.0	1.0	1.0	1.0
97	1	52.55	0.0	54.01	-1.0	1.0	1.0	1.0
98	1	52.02	0.0	54.54	-1.0	1.0	1.0	1.0
99	1	52.71	0.0	54.6	-1.0	1.0	1.0	1.0
100	1	51.28	0.0	54.78	-1.0	1.0	1.0	1.0
101	1	51.81	0.0	54.53	-1.0	1.0	1.0	1.0
102	1	51.37	0.0	54.44	-1.0	1.0	1.0	1.0
103	1	52.05	0.0	53.3	-1.0	1.0	1.0	1.0
104	1	51.51	0.0	55.17	-1.0	1.0	1.0	1.0
105	1	52.36	0.0	54.1	-1.0	1.0	1.0	1.0
106	1	51.42	0.0	54.6	-1.0	1.0	1.0	1.0
107	1	51.77	0.0	54.62	-1.0	1.0	1.0	1.0
108	1	51.92	0.0	53.44	-1.0	1.0	1.0	1.0
109	1	51.9	0.0	54.22	-1.0	0.7	0.7	0.8
110	1	51.84	0.0	53.65	-1.0	0.0	0.0	0.0
111	1	51.81	0.0	54.81	-1.0	0.0	0.0	0.0
112	1	52.69	0.0	54.32	-1.0	0.0	0.0	0.0
113	1	51.12	0.0	53.9	-1.0	0.0	0.0	0.0
114	1	52.03	0.0	53.68	-1.0	0.0	0.0	0.0
115	1	52.55	0.0	54.13	-1.0	0.0	0.0	0.0
116	1	51.61	0.0	54.93	-1.0	0.0	0.0	0.0
117	1	51.67	0.0	53.45	-1.0	0.0	0.0	0.0
118	1	51.7	0.0	53.9	-1.0	0.0	0.0	0.0
119	1	52.95	0.0	53.41	-1.0	0.0	0.0	0.0
120	1	51.37	0.0	53.14	-1.0	0.0	0.0	0.0
121	1	50.82	0.0	54.09	-1.0	0.0	0.0	0.0
122	1	52.34	0.0	54.84	-1.0	0.0	0.0	0.0
123	1	52.56	0.0	53.97	-1.0	0.0	0.0	0.0
124	1	52.67	0.43	61.09	-1.0	0.0	0.0	0.0
125	1	60.13	2.02	64.59	-1.0	0.0	-1.0	-1.0
126	1	64.67	4.65	66.44	-1.0	0.0	-1.0	-1.0
127	1	73.93	8.74	63.74	-1.0	0.0	-1.0	-1.0
128	1	75.9	14.63	63.69	-1.0	-0.6	-1.0	-1.0
129	1	78.0	21.55	59.92	-1.0	-0.7	-1.0	-1.0
130	1	81.47	29.22	55.86	-1.0	-0.2	-1.0	-1.0
131	1	84.71	37.35	49.84	-1.0	0.0	-1.0	-1.0
132	1	85.41	45.69	42.3	-1.0	0.0	-1.0	-1.0
133	1	86.68	53.58	34.02	-1.0	0.0	-1.0	0.0
134	1	88.64	61.5	24.97	-1.0	0.0	-1.0	-1.0
135	1	90.47	69.72	18.0	-1.0	0.0	-1.0	-1.0
136	1	88.92	76.59	12.6	-1.0	0.0	-0.9	-1.0
137	1	89.05	83.36	6.08	-1.0	0.0	-0.6	-0.6
138	1	89.24	88.91	-0.54	-1.0	0.0	-0.3	-1.0
139	1	91.18	94.31	-2.9	-1.0	0.0	0.1	-0.3
140	1	90.18	99.71	-9.8	-1.0	0.0	0.2	-0.5
141	1	87.01	104.07	-8.13	-1.0	0.0	0.5	0.2
142	1	87.94	107.82	-13.0	-1.0	-0.3	0.4	-0.4
143	1	89.36	111.37	-18.47	-1.0	-0.5	0.7	0.1
144	1	87.86	114.16	-16.96	-1.0	-1.0	0.9	-0.3
145	1	88.47	117.12	-23.32	-1.0	-1.0	0.9	0.2
146	1	87.54	118.57	-26.75	-1.0	-1.0	1.0	0.1
147	1	88.15	120.13	-22.57	-1.0	-1.0	1.0	1.0
148	1	88.24	120.89	-24.84	-1.0	-1.0	1.0	0.9
149	1	89.31	122.86	-22.69	-1.0	-1.0	1.0	1.0
150	1	88.04	123.56	-28.45	-1.0	-1.0	1.0	1.0
151	1	89.79	111.37	-26.74	-1.0	-1.0	1.0	1.0
152	1	87.86	126.57	-14.98	-1.0	-0.6	1.0	1.0
153	1	88.95	126.37	-7.04	-1.0	-0.3	0.8	0.8
154	1	89.94	123.98	-19.15	-1.0	-0.5	0.3	0.2
155	1	89.52	123.54	-11.67	-1.0	0.0	1.0	0.9
156	1	89.78	114.2	-9.58	-1.0	0.0	0.6	0.5
157	1	90.34	118.05	6.83	-1.0	0.0	0.5	0.4
158	1	90.19	114.55	3.95	-1.0	0.0	-0.4	-0.2
159	1	90.83	109.75	-6.68	-1.0	0.0	-0.2	0.0
160	1	91.74	105.01	10.76	-1.0	-0.3	0.3	0.3
161	1	92.89	100.08	3.47	-1.0	-0.1	-0.6	-0.3
162	1	91.96	96.95	7.74	-1.0	-0.2	-0.2	-0.1
163	1	91.67	92.68	14.37	-1.0	-0.2	-0.4	-0.1
164	1	91.23	88.92	17.19	-1.0	-1.0	-0.8	-0.4
165	1	91.14	82.31	19.76	-1.0	-0.6	-0.9	-0.5
166	1	89.72	74.43	25.31	-1.0	-0.5	-1.0	-0.7
167	1	91.32	66.9	31.66	-1.0	-0.5	-1.0	-0.7
168	1	84.21	61.33	33.07	-1.0	0.0	-1.0	-1.0
169	1	77.14	55.68	38.08	-1.0	0.0	-1.0	-1.0
170	1	73.26	46.71	43.48	-1.0	0.0	-1.0	-1.0
171	1	71.39	37.62	50.3	-1.0	0.0	-1.0	-1.0
172	1	71.46	28.36	51.47	-1.0	0.0	-1.0	-1.0
173	1	69.33	19.05	57.91	-1.0	0.0	-1.0	-1.0
174	1	69.46	12.88	49.23	-1.0	0.0	-1.0	-0.7
175	1	56.57	8.36	55.21	-1.0	0.0	-1.0	0.0
176	1	56.04	4.48	58.07	-1.0	0.0	-1.0	0.0
177	1	56.5	2.04	58.06	-1.0	0.0	-0.6	0.0
178	1	55.23	0.8	56.2	-1.0	0.0	0.0	0.0
179	1	56.92	0.1	55.47	-1.0	0.0	0.0	0.0
180	1	56.12	0.0	53.92	-1.0	0.0	0.0	0.0
181	1	57.47	0.0	54.57	-1.0	0.0	0.0	0.0
182	1	57.34	0.0	55.24	-1.0	0.0	0.0	0.0
183	1	55.78	0.0	55.69	-1.0	0.0	0.0	0.0
184	1	56.62	0.0	56.56	-1.0	0.0	0.0	0.0
185	1	54.97	0.0	56.01	-1.0	0.0	0.0	0.0
186	1	56.6	0.0	55.16	-1.0	0.0	0.0	0.0
187	1	55.71	0.0	54.52	-1.0	0.0	0.0	0.0
188	1	55.84	0.0	54.59	-1.0	0.0	0.0	0.0
189	1	55.7	0.0	54.68	-1.0	1.0	1.0	1.0
190	1	55.95	0.0	53.98	-1.0	1.0	1.0	1.0
191	1	55.66	0.0	54.03	-1.0	1.0	1.0	1.0
192	1	53.91	0.0	53.49	-1.0	1.0	1.0	1.0
193	1	53.67	0.0	52.69	-1.0	1.0	1.0	1.0
194	1	54.01	0.0	53.8	-1.0	1.0	1.0	1.0
195	1	54.54	0.0	53.64	-1.0	1.0	1.0	1.0
196	1	54.6	0.0	54.04	-1.0	1.0	1.0	1.0
197	1	54.78	0.0	53.5	-1.0	1.0	1.0	1.0
198	1	54.53	0.0	52.9	-1.0	1.0	1.0	1.0
199	1	54.44	0.0	53.47	-1.0	1.0	1.0	1.0
200	1	53.3	0.0	53.62	-1.0	1.0	1.0	1.0
201	1	55.17	0.0	54.33	-1.0	1.0	1.0	1.0
202	1	54.1	0.0	53.59	-1.0	1.0	1.0	1.0
203	1	54.6	0.0	54.41	-1.0	1.0	1.0	1.0
204	1	54.62	0.0	54.04	-1.0	1.0	1.0	1.0
205	1	53.44	0.0	53.82	-1.0	0.8	0.7	0.7
206	1	54.22	0.0	53.6	-1.0	0.0	0.0	0.0
207	1	53.65	0.0	54.38	-1.0	0.0	0.0	0.0
208	1	54.81	0.0	54.94	-1.0	0.0	0.0	0.0
209	1	54.32	0.0	53.51	-1.0	0.0	0.0	0.0
210	1	53.9	0.0	54.21	-1.0	0.0	0.0	0.0
211	1	53.68	0.0	54.4	-1.0	0.0	0.0	0.0
212	1	54.13	0.0	54.26	-1.0	0.0	0.0	0.0
213	1	54.93	0.0	53.86	-1.0	0.0	0.0	0.0
214	1	53.45	0.0	54.7	-1.0	0.0	0.0	0.0
215	1	53.9	0.0	53.79	-1.0	0.0	0.0	0.0
216	1	53.41	0.0	53.87	-1.0	0.0	0.0	0.0
217	1	53.14	0.0	54.19	-1.0	0.0	0.0	0.0
218	1	54.09	0.0	53.48	-1.0	0.0	0.0	0.0
219	1	54.84	0.0	53.13	-1.0	0.0	0.0	0.0
220	1	55.06	1.09	58.54	-1.0	0.0	0.0	0.0
221	1	64.24	3.16	58.25	-1.0	0.0	-1.0	-1.0
222	1	70.68	6.08	57.19	-1.0	0.0	-1.0	-1.0
223	1	76.85	10.41	55.93	-1.0	0.0	-1.0	-1.0
224	1	79.85	16.11	58.72	-1.0	-0.8	-1.0	-1.0
225	1	85.01	21.32	58.19	-1.0	-0.7	-1.0	-1.0
226	1	88.87	28.94	55.58	-1.0	-0.1	-1.0	-1.0
227	1	91.34	35.47	50.63	-1.0	0.0	-1.0	-1.0
228	1	93.94	44.1	43.89	-1.0	0.0	-1.0	-1.0
229	1	92.52	50.22	33.93	-1.0	0.0	-1.0	0.0
230	1	91.9	57.88	26.41	-1.0	0.0	-1.0	-1.0
231	1	93.61	68.64	17.02	-1.0	0.0	-1.0	-1.0
232	1	92.97	74.97	12.56	-1.0	0.0	-0.9	-1.0
233	1	92.58	79.98	16.76	-1.0	0.0	-0.6	-0.6
234	1	91.66	85.57	-0.8	-1.0	0.0	-0.8	-1.0
235	1	91.42	91.96	-8.57	-1.0	0.0	0.1	-0.3
236	1	92.15	95.05	-10.77	-1.0	-0.2	0.5	-0.3
237	1	90.05	99.85	-15.68	-1.0	-0.3	0.6	0.3
238	1	91.46	99.59	-18.64	-1.0	-0.5	0.8	-0.3
239	1	93.33	106.32	-11.38	-1.0	-0.5	1.0	0.4
240	1	91.21	109.68	-16.28	-1.0	-1.0	0.6	-0.6
241	1	89.65	106.6	-12.77	-1.0	-1.0	0.8	0.2
242	1	90.16	113.49	-4.27	-1.0	-1.0	0.6	-0.1
243	1	89.87	116.61	-3.04	-1.0	-1.0	0.2	0.0
244	1	89.85	112.42	-21.21	-1.0	-1.0	0.1	0.2
245	1	90.23	115.07	-30.31	-1.0	-1.0	1.0	1.0
246	1	90.07	112.77	-34.38	-1.0	-1.0	1.0	1.0
247	1	89.83	118.28	-24.24	-1.0	-0.6	1.0	1.0
248	1	90.97	117.72	-30.45	-1.0	-0.8	1.0	1.0
249	1	90.5	105.48	-11.63	-1.0	-0.4	1.0	1.0
250	1	90.81	97.85	-2.87	-1.0	-0.3	0.6	0.4
251	1	93.91	113.06	-0.56	-1.0	0.0	0.1	0.3
252	1	91.43	103.1	-16.9	-1.0	0.0	0.0	0.0
253	1	92.6	102.17	-5.51	-1.0	-0.1	0.9	0.8
254	1	90.76	83.94	-9.9	-1.0	-0.1	0.3	0.3
255	1	91.94	87.99	-1.16	-1.0	0.0	0.5	0.5
256	1	91.36	98.04	4.63	-1.0	-0.3	0.0	0.1
257	1	90.7	79.94	14.79	-1.0	-0.1	-0.3	0.0
258	1	91.33	87.86	8.73	-1.0	-0.3	-0.8	-0.5
259	1	90.11	82.36	17.2	-1.0	-0.5	-0.5	-0.1
260	1	90.77	76.4	24.57	-1.0	-0.8	-0.9	-0.4
261	1	88.17	70.99	31.72	-1.0	-0.7	-1.0	-0.9
262	1	85.84	66.09	36.17	-1.0	0.0	-1.0	-1.0
263	1	83.99	58.68	39.97	-1.0	0.0	-1.0	-1.0
264	1	80.97	49.31	41.42	-1.0	0.0	-1.0	-1.0
265	1	73.5	40.42	44.95	-1.0	0.0	-1.0	-1.0
266	1	72.59	34.51	48.32	-1.0	0.0	-1.0	-1.0
267	1	71.41	27.93	56.13	-1.0	0.0	-1.0	-1.0
268	1	71.07	20.77	61.86	-1.0	0.0	-1.0	-0.7
269	1	66.39	14.93	61.46	-1.0	0.0	-1.0	0.0
270	1	68.41	10.5	49.92	-1.0	0.0	-1.0	0.0
271	1	55.95	6.73	55.01	-1.0	0.0	-0.7	0.0
272	1	58.6	3.39	55.24	-1.0	0.0	0.0	0.0
273	1	59.42	1.35	57.38	-1.0	0.0	0.0	0.0
274	1	58.37	0.31	57.38	-1.0	0.0	0.0	0.0
275	1	56.22	0.02	56.31	-1.0	0.0	0.0	0.0
276	1	55.47	0.0	55.61	-1.0	0.0	0.0	0.0
277	1	53.92	0.0	55.24	-1.0	0.0	0.0	0.0
278	1	54.57	0.0	56.07	-1.0	0.0	0.0	0.0
279	1	55.24	0.0	56.16	-1.0	0.0	0.0	0.0
280	1	55.69	0.0	55.34	-1.0	0.0	0.0	0.0
281	1	56.56	0.0	58.61	-1.0	0.0	0.0	0.0
282	1	56.01	0.0	60.14	-1.0	0.0	0.0	0.0
283	1	55.16	0.0	58.91	-1.0	0.0	0.0	0.0
284	1	54.52	0.0	57.89	-1.0	0.0	0.0	0.0
285	1	54.59	0.0	57.6	-1.0	1.0	1.0	1.0
286	1	54.68	0.0	58.1	-1.0	1.0	1.0	1.0
287	1	53.98	0.0	56.95	-1.0	1.0	1.0	1.0
288	1	54.03	0.0	55.85	-1.0	1.0	1.0	1.0
289	1	53.49	0.0	55.47	-1.0	1.0	1.0	1.0
290	1	52.69	0.0	57.25	-1.0	1.0	1.0	1.0
291	1	53.8	0.0	57.36	-1.0	1.0	1.0	1.0
292	1	53.64	0.0	56.11	-1.0	1.0	1.0	1.0
293	1	54.04	0.0	57.37	-1.0	1.0	1.0	1.0
294	1	53.5	0.0	55.09	-1.0	1.0	1.0	1.0
295	1	52.9	0.0	55.35	-1.0	1.0	1.0	1.0
296	1	53.47	0.0	53.91	-1.0	1.0	1.0	1.0
297	1	53.62	0.0	55.38	-1.0	1.0	1.0	1.0
298	1	54.33	0.0	54.46	-1.0	1.0	1.0	1.0
299	1	53.59	0.0	55.31	-1.0	1.0	1.0	1.0
300	1	54.41	0.0	54.89	-1.0	1.0	1.0	1.0
301	1	54.04	0.0	54.33	-1.0	0.7	0.7	0.8
302	1	53.82	0.0	53.55	-1.0	0.0	0.0	0.0
303	1	53.6	0.0	54.22	-1.0	0.0	0.0	0.0
304	1	54.38	0.0	52.75	-1.0	0.0	0.0	0.0
305	1	54.94	0.0	53.86	-1.0	0.0	0.0	0.0
306	1	53.51	0.0	54.59	-1.0	0.0	0.0	0.0
307	1	54.21	0.0	54.11	-1.0	0.0	0.0	0.0
308	1	54.4	0.0	54.07	-1.0	0.0	0.0	0.0
309	1	54.26	0.0	54.05	-1.0	0.0	0.0	0.0
310	1	53.86	0.0	55.5	-1.0	0.0	0.0	0.0
311	1	54.7	0.0	54.62	-1.0	0.0	0.0	0.0
312	1	53.79	0.0	54.71	-1.0	0.0	0.0	0.0
313	1	53.87	0.0	54.6	-1.0	0.0	0.0	0.0
314	1	54.19	0.0	53.69	-1.0	0.0	0.0	0.0
315	1	53.55	0.07	53.65	-1.0	0.0	0.0	0.0
316	1	54.41	1.28	59.0	-1.0	0.0	0.0	0.0
317	1	62.35	3.81	61.08	-1.0	0.0	-1.0	-1.0
318	1	65.43	7.18	62.51	-1.0	0.0	-1.0	-1.0
319	1	70.26	13.06	68.16	-1.0	0.0	-1.0	-1.0
320	1	74.33	18.4	67.04	-1.0	-0.8	-1.0	-1.0
321	1	82.54	23.82	66.84	-1.0	-0.7	-1.0	-1.0
322	1	85.62	27.44	63.0	-1.0	0.0	-1.0	-1.0
323	1	87.25	31.67	57.34	-1.0	0.0	-1.0	-1.0
324	1	88.3	37.68	50.99	-1.0	0.0	-1.0	-1.0
325	1	90.49	46.6	46.18	-1.0	0.0	-1.0	-0.3
326	1	91.61	57.68	39.16	-1.0	-0.1	-1.0	-1.0
327	1	91.44	65.03	34.97	-1.0	0.0	-1.0	-1.0
328	1	92.91	75.89	30.95	-1.0	0.0	-1.0	-1.0
329	1	91.83	79.27	23.17	-1.0	0.0	-1.0	-1.0
330	1	93.38	76.62	20.24	-1.0	0.0	-1.0	-1.0
331	1	93.01	93.81	15.72	-1.0	0.0	-1.0	-1.0
332	1	93.1	101.67	12.5	-1.0	0.0	-0.1	-0.8
333	1	93.24	104.01	9.15	-1.0	0.0	0.0	0.0
334	1	92.07	107.75	7.28	-1.0	-0.2	0.0	0.0
335	1	92.5	111.15	2.43	-1.0	-0.6	0.0	0.0
336	1	91.83	103.21	3.41	-1.0	-1.0	0.0	0.0
337	1	90.2	106.48	2.98	-1.0	-1.0	0.0	0.0
338	1	90.69	103.46	0.21	-1.0	-1.0	0.0	0.0
339	1	90.95	95.22	-3.62	-1.0	-1.0	0.0	0.0
340	1	91.43	94.47	-3.37	-1.0	-1.0	0.2	0.2
341	1	93.23	114.44	11.99	-1.0	-1.0	0.1	0.2
342	1	92.46	122.77	-9.71	-1.0	-1.0	-0.3	-0.4
343	1	92.12	126.5	-7.11	-1.0	-1.0	0.5	0.8
344	1	94.37	118.61	-0.09	-1.0	-0.8	0.3	0.5
345	1	92.13	122.58	-4.08	-1.0	-0.2	0.0	0.2
346	1	96.99	108.62	0.94	-1.0	-0.6	0.2	0.3
347	1	98.48	101.35	4.1	-1.0	-0.2	-0.1	0.3
348	1	98.61	99.17	1.22	-1.0	0.0	-0.2	0.0
349	1	94.03	110.93	24.8	-1.0	0.0	-0.1	0.2
350	1	95.96	101.46	6.0	-1.0	0.0	-0.5	-0.9
351	1	96.46	106.35	8.67	-1.0	0.0	0.0	0.1
352	1	95.39	96.55	27.25	-1.0	0.0	0.0	-0.1
353	1	95.5	90.87	22.44	-1.0	-0.2	0.0	-0.9
354	1	96.48	81.7	19.41	-1.0	-0.2	0.0	-0.2
355	1	92.67	83.94	26.34	-1.0	-0.6	0.0	0.0
356	1	93.08	75.88	27.86	-1.0	-0.7	0.0	0.0
357	1	93.96	69.39	34.18	-1.0	-0.9	0.0	0.0
358	1	91.98	60.27	41.65	-1.0	-0.3	0.0	0.0
359	1	91.1	54.93	42.39	-1.0	0.0	0.0	0.0
360	1	89.3	49.33	38.19	-1.0	0.0	0.0	0.0
361	1	80.94	39.52	49.79	-1.0	0.0	0.0	0.0
362	1	78.39	33.44	56.34	-1.0	0.0	0.0	0.0
363	1	75.87	27.55	56.23	-1.0	0.0	0.0	0.0
364	1	76.43	20.3	60.39	-1.0	0.0	0.0	0.0
365	1	76.15	14.28	61.91	-1.0	0.0	0.0	0.0
366	1	71.63	10.17	49.32	-1.0	0.0	0.0	0.0
367	1	56.42	6.5	52.67	-1.0	0.0	0.0	0.0
368	1	58.5	3.49	53.66	-1.0	0.0	0.0	0.0
369	1	56.47	1.23	54.17	-1.0	0.0	0.0	0.0
370	1	57.74	0.36	54.68	-1.0	0.0	0.0	0.0
371	1	57.39	0.02	55.46	-1.0	0.0	0.0	0.0
372	1	56.31	0.0	57.17	-1.0	0.0	0.0	0.0
373	1	55.61	0.0	55.35	-1.0	0.0	0.0	0.0
374	1	55.24	0.0	55.0	-1.0	0.0	0.0	0.0
375	1	56.07	0.0	54.39	-1.0	0.0	0.0	0.0
376	1	56.16	0.0	55.84	-1.0	0.0	0.0	0.0
377	1	55.34	0.0	55.68	-1.0	0.0	0.0	0.0
378	1	58.61	0.0	56.71	-1.0	0.0	0.0	0.0
379	1	60.14	0.0	55.7	-1.0	0.0	0.0	0.0
380	1	58.91	0.0	52.56	-1.0	0.0	0.0	0.0
381	1	57.89	0.0	52.86	-1.0	1.0	1.0	1.0
382	1	57.6	0.0	52.93	-1.0	1.0	1.0	1.0
383	1	58.1	0.0	53.09	-1.0	1.0	1.0	1.0
384	1	56.95	0.0	53.03	-1.0	1.0	1.0	1.0
385	1	55.85	0.0	53.07	-1.0	1.0	1.0	1.0
386	1	55.47	0.0	54.71	-1.0	1.0	1.0	1.0
387	1	57.25	0.0	54.26	-1.0	1.0	1.0	1.0
388	1	57.36	0.0	53.19	-1.0	1.0	1.0	1.0
389	1	56.11	0.0	54.17	-1.0	1.0	1.0	1.0
390	1	57.37	0.0	53.74	-1.0	1.0	1.0	1.0
391	1	55.09	0.0	53.61	-1.0	1.0	1.0	1.0
392	1	55.35	0.0	54.12	-1.0	1.0	1.0	1.0
393	1	53.91	0.0	54.14	-1.0	1.0	1.0	1.0
394	1	55.38	0.0	54.49	-1.0	1.0	1.0	1.0
395	1	54.46	0.0	54.01	-1.0	1.0	1.0	1.0
396	1	55.31	0.0	54.1	-1.0	1.0	1.0	1.0
397	1	54.89	0.0	54.06	-1.0	0.7	0.7	0.7
398	1	54.33	0.0	52.97	-1.0	0.0	0.0	0.0
399	1	53.55	0.0	54.57	-1.0	0.0	0.0	0.0
400	1	54.22	0.0	54.08	-1.0	0.0	0.0	0.0
401	1	52.75	0.0	53.67	-1.0	0.0	0.0	0.0
402	1	53.86	0.0	54.11	-1.0	0.0	0.0	0.0
403	1	54.59	0.0	53.92	-1.0	0.0	0.0	0.0
404	1	54.11	0.0	54.66	-1.0	0.0	0.0	0.0
405	1	54.07	0.0	53.99	-1.0	0.0	0.0	0.0
406	1	54.05	0.0	54.91	-1.0	0.0	0.0	0.0
407	1	55.5	0.0	53.8	-1.0	0.0	0.0	0.0
408	1	54.62	0.0	52.64	-1.0	0.0	0.0	0.0
409	1	54.71	0.0	54.51	-1.0	0.0	0.0	0.0
410	1	54.6	0.0	54.3	-1.0	0.0	0.0	0.0
411	1	53.91	0.22	54.67	-1.0	0.0	0.0	0.0
412	1	55.12	1.47	60.55	-1.0	0.0	0.0	0.0
413	1	62.13	3.14	61.77	-1.0	0.0	-1.0	-1.0
414	1	66.26	5.18	62.18	-1.0	0.0	-1.0	-1.0
415	1	70.78	8.27	69.96	-1.0	-0.1	-1.0	-1.0
416	1	80.31	12.14	74.71	-1.0	-0.5	-1.0	-1.0
417	1	82.77	15.73	76.83	-1.0	-0.8	-1.0	-1.0
418	1	86.27	19.43	76.51	-1.0	-0.1	-1.0	-1.0
419	1	90.24	27.24	75.72	-1.0	0.0	-1.0	-1.0
420	1	91.2	33.85	45.04	-1.0	0.0	-1.0	-1.0
421	1	92.52	41.53	28.66	-1.0	-0.2	-1.0	-0.1
422	1	93.89	47.71	12.39	-1.0	-0.1	-1.0	-1.0
423	1	93.11	53.95	41.34	-1.0	0.0	-0.6	-1.0
424	1	94.28	59.31	22.1	-1.0	0.0	-1.0	-1.0
425	1	95.0	64.05	17.83	-1.0	0.0	-1.0	-1.0
426	1	92.09	68.92	-4.9	-1.0	0.0	-0.9	-1.0
427	1	93.26	73.03	18.02	-1.0	0.0	0.3	-0.2
428	1	93.14	77.42	35.43	-1.0	-0.3	-0.9	-1.0
429	1	93.63	81.13	42.78	-1.0	-0.3	-0.9	-0.8
430	1	93.46	84.3	34.68	-1.0	-0.6	0.0	0.0
431	1	94.33	87.05	14.99	-1.0	-0.6	0.0	0.0
432	1	92.05	89.61	-14.93	-1.0	-1.0	0.0	0.0
433	1	94.45	91.04	-5.67	-1.0	-1.0	0.8	0.2
434	1	93.47	90.5	-27.84	-1.0	-1.0	0.3	-0.2
435	1	95.77	95.55	-26.96	-1.0	-1.0	1.0	1.0
436	1	91.66	95.28	-30.42	-1.0	-1.0	1.0	1.0
437	1	93.41	96.78	-31.16	-1.0	-1.0	1.0	1.0
438	1	92.68	80.68	-4.81	-1.0	-1.0	1.0	1.0
439	1	93.14	102.86	-28.94	-1.0	-0.9	0.2	0.5
440	1	94.53	101.65	-27.79	-1.0	-0.6	1.0	1.0
441	1	95.91	96.0	-30.85	-1.0	-0.4	1.0	1.0
442	1	93.33	97.41	-35.17	-1.0	-0.6	1.0	1.0
443	1	94.57	93.63	-27.26	-1.0	-0.7	1.0	1.0
444	1	97.13	93.03	57.04	-1.0	-0.5	1.0	1.0
445	1	94.42	93.2	75.62	-1.0	-0.5	-1.0	-1.0
446	1	96.65	71.85	74.9	-1.0	-0.3	-1.0	-1.0
447	1	94.22	88.23	79.48	-1.0	0.0	-1.0	-1.0
448	1	96.53	87.86	79.58	-1.0	0.0	-1.0	-1.0
449	1	94.06	66.81	74.19	-1.0	0.0	-1.0	-1.0
450	1	94.74	72.3	68.72	-1.0	0.0	-1.0	-1.0
451	1	92.66	73.26	63.48	-1.0	0.0	-1.0	-1.0
452	1	94.43	68.1	61.78	-1.0	0.0	-1.0	-1.0
453	1	91.81	63.95	58.99	-1.0	0.0	-1.0	-0.6
454	1	91.96	57.78	53.43	-1.0	0.0	-0.3	0.0
455	1	89.52	47.87	58.61	-1.0	0.0	0.0	0.0
456	1	90.48	48.08	54.08	-1.0	0.0	0.0	0.0
457	1	79.73	41.54	50.64	-1.0	0.0	0.0	0.0
458	1	80.99	31.19	53.96	-1.0	0.0	0.0	0.0
459	1	78.39	22.05	55.6	-1.0	0.0	0.0	0.0
460	1	78.45	22.22	61.29	-1.0	0.0	0.0	0.0
461	1	76.45	16.06	60.65	-1.0	0.0	0.0	0.0
462	1	73.11	11.2	47.57	-1.0	0.0	0.0	0.0
463	1	56.4	7.09	51.68	-1.0	0.0	0.0	0.0
464	1	56.71	4.04	53.42	-1.0	0.0	0.0	0.0
465	1	55.73	2.07	53.18	-1.0	0.0	0.0	0.0
466	1	55.01	0.83	55.7	-1.0	0.0	0.0	0.0
467	1	54.78	0.1	54.6	-1.0	0.0	0.0	0.0
468	1	55.46	0.0	54.76	-1.0	0.0	0.0	0.0
469	1	57.17	0.0	54.54	-1.0	0.0	0.0	0.0
470	1	55.35	0.0	55.11	-1.0	0.0	0.0	0.0
471	1	55.0	0.0	53.83	-1.0	0.0	0.0	0.0
472	1	54.39	0.0	53.55	-1.0	0.0	0.0	0.0
473	1	55.84	0.0	53.0	-1.0	0.0	0.0	0.0
474	1	55.68	0.0	54.78	-1.0	0.0	0.0	0.0
475	1	56.71	0.0	53.51	-1.0	0.0	0.0	0.0
476	1	55.7	0.0	53.73	-1.0	0.0	0.0	0.0
477	1	52.56	0.0	53.94	-1.0	1.0	1.0	1.0
478	1	52.86	0.0	53.56	-1.0	1.0	1.0	1.0
479	1	52.93	0.0	53.79	-1.0	1.0	1.0	1.0
480	1	53.09	0.0	52.79	-1.0	1.0	1.0	1.0
481	1	53.03	0.0	53.68	-1.0	1.0	1.0	1.0
482	1	53.07	0.0	54.1	-1.0	1.0	1.0	1.0
483	1	54.71	0.0	53.28	-1.0	1.0	1.0	1.0
484	1	54.26	0.0	53.12	-1.0	1.0	1.0	1.0
485	1	53.19	0.0	53.41	-1.0	1.0	1.0	1.0
486	1	54.17	0.0	52.78	-1.0	1.0	1.0	1.0
487	1	53.74	0.0	53.61	-1.0	1.0	1.0	1.0
488	1	53.61	0.0	53.32	-1.0	1.0	1.0	1.0
489	1	54.12	0.0	53.63	-1.0	1.0	1.0	1.0
490	1	54.14	0.0	53.53	-1.0	1.0	1.0	1.0
491	1	54.49	0.0	53.11	-1.0	1.0	1.0	1.0
492	1	54.01	0.0	52.96	-1.0	1.0	1.0	1.0
493	1	54.1	0.0	54.17	-1.0	0.7	0.7	0.8
494	1	54.06	0.0	54.81	-1.0	0.0	0.0	0.0
495	1	52.97	0.0	54.19	-1.0	0.0	0.0	0.0
496	1	54.57	0.0	53.84	-1.0	0.0	0.0	0.0
497	1	54.08	0.0	53.94	-1.0	0.0	0.0	0.0
498	1	53.67	0.0	53.88	-1.0	0.0	0.0	0.0
499	1	54.11	0.0	54.99	-1.0	0.0	0.0	0.0
500	1	53.92	0.0	52.58	-1.0	0.0	0.0	0.0
501	1	54.66	0.0	54.55	-1.0	0.0	0.0	0.0
502	1	53.99	0.0	54.37	-1.0	0.0	0.0	0.0
503	1	54.91	0.0	53.72	-1.0	0.0	0.0	0.0
504	1	53.8	0.0	55.15	-1.0	0.0	0.0	0.0
505	1	52.64	0.0	53.96	-1.0	0.0	0.0	0.0
506	1	54.51	0.0	55.04	-1.0	0.0	0.0	0.0
507	1	54.3	0.0	53.97	-1.0	0.0	0.0	0.0
508	1	54.67	0.0	51.81	-1.0	0.0	0.0	0.0
509	1	61.27	0.72	50.55	-1.0	0.0	-1.0	-1.0
510	1	64.83	3.06	47.09	-1.0	0.0	-1.0	-1.0
511	1	68.75	6.57	43.67	-1.0	0.0	-1.0	-1.0
512	1	76.6	6.64	38.31	-1.0	0.0	-1.0	-1.0
513	1	82.35	7.64	31.52	-1.0	0.0	-1.0	-1.0
514	1	85.43	8.6	25.57	-1.0	0.0	-1.0	-1.0
515	1	87.37	10.86	18.78	-1.0	0.0	-1.0	-1.0
516	1	90.5	14.78	13.45	-1.0	0.0	-1.0	-1.0
517	1	91.71	46.67	7.07	-1.0	0.0	-0.7	-0.9
518	1	91.45	62.79	-0.31	-1.0	0.0	-0.3	-0.7
519	1	92.24	79.84	-2.97	-1.0	0.0	0.0	-0.9
520	1	92.95	51.62	-9.52	-1.0	0.0	0.2	-0.3
521	1	90.44	68.34	-13.26	-1.0	0.0	0.5	0.1
522	1	91.37	73.54	-18.6	-1.0	0.0	0.7	0.0
523	1	91.82	96.72	-22.83	-1.0	0.0	1.0	0.0
524	1	92.11	74.09	-26.35	-1.0	0.0	1.0	-0.1
525	1	90.87	55.44	-29.17	-1.0	0.0	1.0	0.5
526	1	93.26	50.48	-32.6	-1.0	-0.1	1.0	0.5
527	1	91.97	57.29	-35.3	-1.0	-0.7	1.0	0.7
528	1	91.68	76.68	-37.16	-1.0	-0.7	1.0	0.1
529	1	88.78	103.7	-38.65	-1.0	-1.0	1.0	-0.1
530	1	91.33	97.0	-39.38	-1.0	-1.0	0.9	1.0
531	1	92.18	120.02	-41.14	-1.0	-1.0	0.7	1.0
532	1	90.91	117.87	-41.83	-1.0	-0.5	0.0	1.0
533	1	89.59	120.01	-45.98	-1.0	-1.0	0.0	1.0
534	1	91.7	122.86	-45.0	-1.0	-1.0	0.0	1.0
535	1	92.58	97.39	-46.78	-1.0	-1.0	0.0	1.0
536	1	90.52	119.46	-40.2	-1.0	-1.0	0.0	1.0
537	1	91.33	119.12	-45.08	-1.0	-0.9	0.0	1.0
538	1	91.77	122.61	-43.38	-1.0	-0.7	0.0	1.0
539	1	88.02	123.18	-39.25	-1.0	-0.5	0.0	1.0
540	1	92.16	119.42	-5.4	-1.0	-0.5	0.0	0.3
541	1	94.93	37.89	-19.22	-1.0	-0.5	0.0	0.0
542	1	93.13	17.51	-35.39	-1.0	-0.8	0.0	0.0
543	1	92.45	17.55	15.66	-1.0	-0.4	0.0	0.0
544	1	92.91	13.43	11.22	-1.0	-0.2	-0.8	-0.7
545	1	91.05	11.47	-12.74	-1.0	0.0	-0.6	-0.3
546	1	89.28	15.09	5.25	-1.0	0.0	0.6	0.5
547	1	90.96	22.24	-2.37	-1.0	0.0	-0.3	-0.1
548	1	89.04	25.56	-9.67	-1.0	0.0	0.1	0.0
549	1	88.57	26.79	-5.48	-1.0	0.0	0.5	0.1
550	1	86.82	27.83	1.35	-1.0	0.0	0.3	0.1
551	1	86.06	32.63	5.34	-1.0	0.0	-0.1	0.0
552	1	85.21	26.6	15.48	-1.0	-0.1	-0.3	-0.2
553	1	75.18	21.1	22.59	-1.0	0.0	-0.8	-0.5
554	1	74.49	23.84	28.26	-1.0	0.0	-1.0	-0.8
555	1	73.59	19.63	32.31	-1.0	0.0	-1.0	-1.0
556	1	73.42	17.83	41.87	-1.0	-0.2	-1.0	-1.0
557	1	72.32	11.03	49.95	-1.0	-0.9	-1.0	-1.0
558	1	70.03	9.38	49.29	-1.0	-0.4	-1.0	-1.0
559	1	55.71	8.14	50.95	-1.0	0.0	-1.0	-1.0
560	1	56.59	4.91	51.38	-1.0	0.0	-1.0	-1.0
561	1	55.97	2.55	52.52	-1.0	0.0	-1.0	-0.9
562	1	54.22	1.04	53.03	-1.0	0.0	-1.0	-1.0
563	1	55.88	0.18	54.05	-1.0	0.0	-1.0	-1.0
564	1	54.6	0.0	53.42	-1.0	0.0	-1.0	-1.0
565	1	54.76	0.0	53.48	-1.0	0.0	-1.0	-0.3
566	1	54.54	0.0	53.88	-1.0	0.0	-1.0	-1.0
567	1	55.11	0.0	53.22	-1.0	0.0	-0.6	-1.0
568	1	53.83	0.0	53.68	-1.0	0.0	0.0	-0.8
569	1	53.55	0.0	53.85	-1.0	0.0	0.0	-0.2
570	1	53.0	0.0	53.52	-1.0	0.0	0.0	0.0
571	1	54.78	0.0	53.44	-1.0	0.0	0.0	0.0
572	1	53.51	0.0	53.6	-1.0	0.0	0.0	0.0
573	1	53.73	0.0	53.82	-1.0	1.0	1.0	1.0
574	1	53.94	0.0	53.98	-1.0	1.0	1.0	1.0
575	1	53.56	0.0	53.37	-1.0	1.0	1.0	1.0
576	1	53.79	0.0	53.85	-1.0	1.0	1.0	1.0
577	1	52.79	0.0	54.25	-1.0	1.0	1.0	1.0
578	1	53.68	0.0	53.49	-1.0	1.0	1.0	1.0
579	1	54.1	0.0	53.8	-1.0	1.0	1.0	1.0
580	1	53.28	0.0	54.0	-1.0	1.0	1.0	1.0
581	1	53.12	0.0	53.85	-1.0	1.0	1.0	1.0
582	1	53.41	0.0	53.06	-1.0	1.0	1.0	1.0
583	1	52.78	0.0	54.12	-1.0	1.0	1.0	1.0
584	1	53.61	0.0	53.28	-1.0	1.0	1.0	1.0
585	1	53.32	0.0	53.78	-1.0	1.0	1.0	1.0
586	1	53.63	0.0	53.37	-1.0	1.0	1.0	1.0
587	1	53.53	0.0	53.21	-1.0	1.0	1.0	1.0
588	1	53.11	0.0	55.31	-1.0	1.0	1.0	1.0
589	1	52.96	0.0	54.35	-1.0	0.8	0.8	0.8
590	1	54.17	0.0	54.01	-1.0	0.0	0.0	0.0
591	1	54.81	0.0	54.12	-1.0	0.0	0.0	0.0
592	1	54.19	0.0	55.08	-1.0	0.0	0.0	0.0
593	1	53.84	0.0	54.45	-1.0	0.0	0.0	0.0
594	1	53.94	0.0	55.11	-1.0	0.0	0.0	0.0
595	1	53.88	0.0	54.37	-1.0	0.0	0.0	0.0
596	1	54.99	0.0	54.39	-1.0	0.0	0.0	0.0
597	1	52.58	0.0	54.7	-1.0	0.0	0.0	0.0
598	1	54.55	0.0	54.68	-1.0	0.0	0.0	0.0
599	1	54.37	0.0	54.09	-1.0	0.0	0.0	0.0
600	1	53.72	0.0	53.99	-1.0	0.0	0.0	0.0
601	1	55.15	0.0	54.76	-1.0	0.0	0.0	0.0
602	1	53.96	0.0	53.89	-1.0	0.0	0.0	0.0
603	1	55.04	0.0	54.07	-1.0	0.0	0.0	0.0
604	1	53.97	0.0	51.45	-1.0	0.0	0.0	0.0
605	1	53.4	1.6	50.21	-1.0	0.0	-1.0	-1.0
606	1	54.4	3.85	47.4	-1.0	0.0	-1.0	-1.0
607	1	53.82	6.73	43.82	-1.0	0.0	-1.0	-1.0
608	1	54.57	10.9	37.12	-1.0	0.0	-1.0	-1.0
609	1	54.48	16.17	34.36	-1.0	0.0	-1.0	-1.0
610	1	53.52	22.0	38.26	-1.0	0.0	-1.0	-1.0
611	1	53.78	28.21	21.82	-1.0	0.0	-1.0	-1.0
612	1	53.44	34.67	13.61	-1.0	0.0	-1.0	-1.0
613	1	54.15	40.7	8.31	-1.0	0.0	-0.7	-0.9
614	1	54.19	47.13	2.26	-1.0	0.0	-0.4	-0.8
615	1	52.77	53.08	-3.54	-1.0	0.0	-0.1	-1.0
616	1	55.53	58.5	-6.52	-1.0	0.0	0.2	-0.3
617	1	53.83	63.35	-12.46	-1.0	0.0	0.4	0.0
618	1	54.19	67.46	-17.51	-1.0	0.0	0.7	0.0
619	1	53.4	72.0	-20.57	-1.0	0.0	1.0	0.0
620	1	54.2	77.03	-27.09	-1.0	0.0	1.0	-0.1
621	1	54.41	80.77	-26.25	-1.0	0.0	1.0	0.5
622	1	54.2	83.37	-30.41	-1.0	-0.5	1.0	0.3
623	1	53.94	86.54	-39.0	-1.0	-0.6	1.0	0.6
624	1	54.0	89.3	-44.91	-1.0	-1.0	1.0	0.2
625	1	54.63	91.79	-27.74	-1.0	-1.0	1.0	0.0
626	1	54.31	92.96	10.15	-1.0	-1.0	1.0	0.6
627	1	53.31	92.69	-48.42	-1.0	-1.0	-0.6	0.0
628	1	54.01	95.15	-28.86	-1.0	-1.0	1.0	1.0
629	1	54.09	95.91	-32.63	-1.0	-1.0	0.5	1.0
630	1	53.91	99.89	-49.65	-1.0	-1.0	0.0	1.0
631	1	54.69	99.69	-43.01	-1.0	-1.0	0.0	1.0
632	1	53.89	100.67	-43.86	-1.0	-1.0	0.0	1.0
633	1	53.83	94.03	-11.37	-1.0	-0.8	0.0	1.0
634	1	53.94	99.02	-18.7	-1.0	-0.5	0.0	0.5
635	1	53.7	97.08	-27.65	-1.0	-0.2	0.0	0.4
636	1	53.78	93.03	-29.29	-1.0	0.0	0.0	0.7
637	1	54.06	59.46	-1.05	-1.0	0.0	0.0	0.5
638	1	54.18	73.4	16.94	-1.0	-0.1	0.0	0.0
639	1	54.37	89.77	-4.63	-1.0	0.0	-0.9	-0.6
640	1	53.69	38.03	-19.2	-1.0	0.0	0.2	0.0
641	1	53.84	42.62	-8.69	-1.0	0.2	0.8	0.9
642	1	54.0	66.74	21.22	-1.0	0.2	0.0	0.4
643	1	54.35	49.1	38.95	-1.0	0.0	-1.0	-0.8
644	1	53.93	56.3	38.42	-1.0	0.0	-1.0	-1.0
645	1	54.29	63.96	40.5	-1.0	0.0	-1.0	-1.0
646	1	54.12	59.59	38.29	-1.0	0.0	-1.0	-1.0
647	1	54.1	52.75	35.36	-1.0	0.0	-1.0	-1.0
648	1	53.67	48.33	28.33	-1.0	0.0	-1.0	-1.0
649	1	54.34	38.87	34.73	-1.0	0.0	-1.0	-0.9
650	1	53.73	31.14	32.17	-1.0	-0.5	-1.0	-1.0
651	1	54.75	26.49	43.58	-1.0	-0.2	-1.0	-1.0
652	1	53.51	21.2	46.68	-1.0	-0.2	-1.0	-0.7
653	1	54.02	12.15	49.22	-1.0	-1.0	-1.0	-1.0
654	1	54.55	4.6	51.96	-1.0	-1.0	-1.0	-1.0
655	1	53.53	4.23	51.78	-1.0	-0.9	-1.0	-1.0
656	1	54.11	3.16	54.22	-1.0	0.0	-1.0	-0.7
657	1	53.39	2.01	52.98	-1.0	0.0	-1.0	-0.7
658	1	53.3	0.78	52.55	-1.0	0.0	-0.1	-0.1
659	1	53.03	0.0	53.88	-1.0	0.0	0.0	0.0
660	1	54.05	0.0	54.23	-1.0	0.0	0.0	0.0
661	1	53.42	0.0	53.11	-1.0	0.0	0.0	0.0
662	1	53.48	0.0	53.57	-1.0	0.0	0.0	0.0
663	1	53.88	0.0	53.31	-1.0	0.0	0.0	0.0
664	1	53.22	0.0	53.1	-1.0	0.0	0.0	0.0
665	1	53.68	0.0	53.11	-1.0	0.0	0.0	0.0
666	1	53.85	0.0	54.45	-1.0	0.0	0.0	0.0
667	1	53.52	0.0	53.92	-1.0	0.0	0.0	0.0
668	1	53.44	0.0	53.68	-1.0	0.0	0.0	0.0
669	1	53.6	0.0	53.82	-1.0	1.0	1.0	1.0
670	1	53.82	0.0	54.53	-1.0	1.0	1.0	1.0
671	1	53.98	0.0	54.04	-1.0	1.0	1.0	1.0
672	1	53.37	0.0	54.04	-1.0	1.0	1.0	1.0
1	8	59.33	0.0	58.35	-1.0	1.0	1.0	1.0
2	8	58.21	0.0	56.58	-1.0	1.0	1.0	1.0
3	8	56.72	0.0	58.46	-1.0	1.0	1.0	1.0
4	8	58.27	0.0	56.76	-1.0	1.0	1.0	1.0
5	8	56.74	0.0	58.39	-1.0	1.0	1.0	1.0
6	8	57.63	0.0	58.19	-1.0	1.0	1.0	1.0
7	8	57.57	0.0	57.94	-1.0	1.0	1.0	1.0
8	8	57.74	0.0	58.18	-1.0	1.0	1.0	1.0
9	8	57.76	0.0	59.0	-1.0	1.0	1.0	1.0
10	8	57.55	0.0	56.16	-1.0	1.0	1.0	1.0
11	8	56.89	0.0	58.62	-1.0	1.0	1.0	1.0
12	8	58.32	0.0	56.3	-1.0	1.0	1.0	1.0
13	8	55.55	0.0	57.11	-1.0	0.8	0.7	0.7
14	8	58.14	0.0	51.91	-1.0	0.0	0.0	0.0
15	8	56.26	0.0	54.37	-1.0	0.0	0.0	0.0
16	8	57.57	0.0	52.14	-1.0	0.0	0.0	0.0
17	8	57.16	0.0	53.7	-1.0	0.0	0.0	0.0
18	8	57.41	0.0	52.78	-1.0	0.0	0.0	0.0
19	8	55.88	0.0	54.07	-1.0	0.0	0.0	0.0
20	8	57.72	0.0	51.84	-1.0	0.0	0.0	0.0
21	8	56.34	0.0	54.02	-1.0	0.0	0.0	0.0
22	8	57.64	0.0	53.45	-1.0	0.0	0.0	0.0
23	8	56.06	0.0	54.77	-1.0	0.0	0.0	0.0
24	8	57.55	0.0	54.55	-1.0	0.0	0.0	0.0
25	8	56.99	0.0	55.39	-1.0	0.0	0.0	0.0
26	8	57.31	0.0	53.67	-1.0	0.0	0.0	0.0
27	8	56.06	0.0	55.04	-1.0	0.0	0.0	0.0
28	8	57.47	0.0	53.62	-1.0	0.0	0.0	0.0
29	8	56.97	0.0	55.06	-1.0	0.0	-1.0	-1.0
30	8	57.54	0.46	50.41	-1.0	0.0	-1.0	-1.0
31	8	56.36	3.11	47.44	-1.0	0.0	-1.0	-1.0
32	8	57.54	7.83	40.05	-1.0	0.0	-1.0	-1.0
33	8	56.81	14.74	34.56	-1.0	0.0	-1.0	-1.0
34	8	57.24	23.17	26.91	-1.0	0.0	-1.0	-1.0
35	8	56.88	32.4	19.51	-1.0	0.0	-1.0	-1.0
36	8	58.67	42.22	6.8	-1.0	0.0	-1.0	-1.0
37	8	58.25	51.5	-0.17	-1.0	0.0	-0.3	0.0
38	8	58.17	61.15	-7.56	-1.0	0.0	0.0	-0.1
39	8	57.69	69.6	-17.21	-1.0	0.0	0.4	-1.0
40	8	58.22	77.73	-27.46	-1.0	0.0	0.9	-0.3
41	8	58.03	84.53	-35.18	-1.0	0.0	1.0	0.9
42	8	58.79	91.44	-45.95	-1.0	0.0	1.0	0.2
43	8	56.71	98.44	-50.53	-1.0	0.0	1.0	1.0
44	8	57.32	105.23	-57.07	-1.0	0.0	1.0	0.6
45	8	56.17	110.89	-63.76	-1.0	0.0	1.0	1.0
46	8	56.74	115.71	-72.49	-1.0	-0.5	1.0	1.0
47	8	56.53	119.32	-74.94	-1.0	-0.7	1.0	1.0
48	8	56.92	123.02	-78.07	-1.0	-1.0	0.9	1.0
49	8	56.91	126.63	-79.69	-1.0	-1.0	0.0	1.0
50	8	57.6	130.49	-82.9	-1.0	-1.0	0.0	1.0
51	8	55.01	131.95	-82.18	-1.0	-1.0	0.0	1.0
52	8	58.4	133.61	-85.33	-1.0	-1.0	0.0	0.7
53	8	56.2	135.85	-83.8	-1.0	-1.0	0.0	0.0
54	8	57.96	136.72	-85.67	-1.0	-1.0	0.0	0.0
55	8	56.65	136.24	-85.17	-1.0	-0.7	0.0	0.0
56	8	57.78	135.68	-85.68	-1.0	-0.6	0.0	0.0
57	8	56.87	135.42	-80.9	-1.0	-0.6	0.0	0.0
58	8	58.15	131.39	-78.24	-1.0	-0.6	0.0	0.0
59	8	56.9	126.54	-76.5	-1.0	-0.2	0.0	0.0
60	8	57.96	129.02	-73.51	-1.0	0.0	0.0	0.0
61	8	57.33	126.27	-68.12	-1.0	0.0	0.0	0.0
62	8	57.64	122.03	-63.69	-1.0	0.0	0.0	0.0
63	8	56.54	119.62	-58.44	-1.0	0.0	0.0	0.0
64	8	57.07	114.56	-53.86	-1.0	0.0	0.0	0.0
65	8	57.57	107.7	-45.88	-1.0	0.0	0.0	0.0
66	8	57.46	100.87	-41.61	-1.0	0.0	0.0	0.0
67	8	56.04	95.11	-33.99	-1.0	0.0	0.0	0.0
68	8	58.58	87.95	-27.15	-1.0	-0.5	0.0	0.0
69	8	56.86	75.14	-17.42	-1.0	-0.8	0.0	0.0
70	8	58.78	60.97	-10.94	-1.0	-0.6	0.0	0.0
71	8	56.03	53.77	-0.35	-1.0	-0.8	0.0	0.0
72	8	58.06	53.3	7.74	-1.0	-0.9	0.0	0.0
73	8	57.38	44.01	18.56	-1.0	-0.6	-0.4	-0.2
74	8	57.83	34.78	25.69	-1.0	0.0	-1.0	-0.8
75	8	57.09	25.6	37.36	-1.0	0.0	-1.0	-1.0
76	8	58.55	17.34	44.61	-1.0	0.0	-1.0	-1.0
77	8	56.29	8.99	51.77	-1.0	0.0	-1.0	-1.0
78	8	59.0	5.07	54.06	-1.0	0.0	-1.0	-1.0
79	8	57.13	1.36	56.12	-1.0	0.0	-1.0	-1.0
80	8	58.89	0.14	55.67	-1.0	0.0	-1.0	-1.0
81	8	57.54	0.0	56.92	-1.0	0.0	-1.0	-1.0
82	8	57.94	0.0	54.87	-1.0	0.0	-1.0	-1.0
83	8	57.46	0.0	56.79	-1.0	0.0	-1.0	-1.0
84	8	58.08	0.0	55.55	-1.0	0.0	-1.0	-1.0
85	8	56.53	0.0	56.29	-1.0	0.0	-1.0	-1.0
86	8	57.49	0.0	56.21	-1.0	0.0	-1.0	-1.0
87	8	57.67	0.0	56.74	-1.0	0.0	-1.0	-1.0
88	8	58.2	0.0	55.75	-1.0	0.0	-0.7	-1.0
89	8	56.91	0.0	56.67	-1.0	0.0	0.0	-0.1
90	8	58.15	0.0	55.3	-1.0	0.0	0.0	0.0
91	8	57.08	0.0	56.53	-1.0	0.0	0.0	0.0
92	8	58.8	0.0	54.79	-1.0	0.0	0.0	0.0
93	8	56.98	0.0	57.04	-1.0	1.0	1.0	1.0
94	8	58.96	0.0	55.52	-1.0	1.0	1.0	1.0
95	8	56.35	0.0	56.97	-1.0	1.0	1.0	1.0
96	8	59.4	0.0	55.35	-1.0	1.0	1.0	1.0
97	8	56.26	0.0	57.37	-1.0	1.0	1.0	1.0
98	8	58.35	0.0	55.61	-1.0	1.0	1.0	1.0
99	8	56.58	0.0	56.78	-1.0	1.0	1.0	1.0
100	8	58.46	0.0	54.7	-1.0	1.0	1.0	1.0
101	8	56.76	0.0	54.84	-1.0	1.0	1.0	1.0
102	8	58.39	0.0	56.24	-1.0	1.0	1.0	1.0
103	8	58.19	0.0	56.79	-1.0	1.0	1.0	1.0
104	8	57.94	0.0	56.45	-1.0	1.0	1.0	1.0
105	8	58.18	0.0	56.43	-1.0	1.0	1.0	1.0
106	8	59.0	0.0	55.53	-1.0	1.0	1.0	1.0
107	8	56.16	0.0	56.13	-1.0	1.0	1.0	1.0
108	8	58.62	0.0	55.12	-1.0	1.0	1.0	1.0
109	8	56.3	0.0	55.93	-1.0	0.7	0.8	0.8
110	8	57.11	0.0	54.54	-1.0	0.0	0.0	0.0
111	8	51.91	0.0	56.04	-1.0	0.0	0.0	0.0
112	8	54.37	0.0	55.68	-1.0	0.0	0.0	0.0
113	8	52.14	0.0	57.23	-1.0	0.0	0.0	0.0
114	8	53.7	0.0	55.63	-1.0	0.0	0.0	0.0
115	8	52.78	0.0	56.98	-1.0	0.0	0.0	0.0
116	8	54.07	0.0	55.26	-1.0	0.0	0.0	0.0
117	8	51.84	0.0	52.51	-1.0	0.0	0.0	0.0
118	8	54.02	0.0	52.83	-1.0	0.0	0.0	0.0
119	8	53.45	0.0	52.08	-1.0	0.0	0.0	0.0
120	8	54.77	0.0	58.08	-1.0	0.0	0.0	0.0
121	8	54.55	0.0	57.68	-1.0	0.0	0.0	0.0
122	8	55.39	0.0	56.1	-1.0	0.0	0.0	0.0
123	8	53.67	0.0	60.76	-1.0	0.0	0.0	0.0
124	8	55.04	0.0	75.8	-1.0	0.0	0.0	0.0
125	8	53.62	0.0	82.21	-1.0	0.0	-1.0	-1.0
126	8	55.38	0.32	79.67	-1.0	-0.5	-1.0	-1.0
127	8	53.83	3.42	77.33	-1.0	-0.5	-1.0	-1.0
128	8	55.42	7.99	72.48	-1.0	-0.5	-1.0	-1.0
129	8	54.17	14.12	68.8	-1.0	-0.3	-1.0	-1.0
130	8	56.1	21.54	62.24	-1.0	-0.4	-1.0	-1.0
131	8	55.39	28.48	54.69	-1.0	-0.2	-1.0	-1.0
132	8	56.53	37.02	42.19	-1.0	0.0	-1.0	-1.0
133	8	54.52	47.72	37.51	-1.0	0.0	-1.0	0.0
134	8	56.7	56.88	26.87	-1.0	0.0	-1.0	-1.0
135	8	58.2	65.76	19.74	-1.0	0.0	-1.0	-1.0
136	8	58.99	76.21	15.85	-1.0	0.0	-1.0	-1.0
137	8	57.97	85.43	8.94	-1.0	0.2	-0.8	-0.7
138	8	57.69	92.87	-3.34	-1.0	0.2	-0.4	-1.0
139	8	54.63	100.58	-6.46	-1.0	0.3	0.2	-0.2
140	8	57.52	108.05	-15.18	-1.0	0.0	0.4	-0.4
141	8	57.35	114.41	-14.15	-1.0	0.0	0.8	0.5
142	8	57.22	120.98	-22.49	-1.0	-0.1	0.8	-0.3
143	8	54.47	126.96	-30.97	-1.0	-0.6	1.0	0.5
144	8	57.24	132.18	-42.99	-1.0	-1.0	1.0	0.0
145	8	57.17	135.25	-41.13	-1.0	-1.0	1.0	1.0
146	8	57.55	137.24	-42.93	-1.0	-1.0	1.0	0.6
147	8	55.05	137.95	-45.88	-1.0	-1.0	1.0	1.0
148	8	57.11	139.29	-40.25	-1.0	-1.0	1.0	1.0
149	8	55.6	140.93	-36.04	-1.0	-1.0	1.0	1.0
150	8	57.16	140.97	-39.76	-1.0	-1.0	1.0	1.0
151	8	56.76	142.43	-38.47	-1.0	-1.0	1.0	1.0
152	8	56.89	142.07	-14.7	-1.0	-0.5	1.0	1.0
153	8	54.74	140.42	10.4	-1.0	-0.8	0.7	0.8
154	8	56.99	137.89	-5.45	-1.0	-0.3	-0.6	-0.5
155	8	56.88	135.13	-17.04	-1.0	0.0	0.2	0.3
156	8	57.36	133.87	-24.49	-1.0	0.0	0.9	0.7
157	8	56.55	130.06	-12.77	-1.0	0.0	1.0	0.5
158	8	57.63	125.75	-15.95	-1.0	0.0	0.3	0.5
159	8	56.2	119.89	-9.44	-1.0	0.0	0.0	0.7
160	8	56.85	115.29	-2.06	-1.0	0.0	0.0	0.4
161	8	56.45	110.31	1.82	-1.0	0.0	0.0	0.1
162	8	57.72	103.6	-1.57	-1.0	0.2	-0.1	-0.1
163	8	55.66	97.27	7.21	-1.0	0.4	0.1	0.1
164	8	56.12	90.11	9.87	-1.0	0.0	-0.4	-0.2
165	8	55.19	82.34	20.38	-1.0	0.0	-0.5	-0.3
166	8	56.13	73.55	27.11	-1.0	0.0	-1.0	-0.8
167	8	53.72	64.67	50.38	-1.0	0.0	-1.0	-0.9
168	8	55.01	55.36	49.45	-1.0	-0.5	-1.0	-1.0
169	8	53.39	45.65	47.76	-1.0	-0.5	-1.0	-1.0
170	8	54.69	36.13	56.72	-1.0	-1.0	-1.0	-1.0
171	8	52.46	26.77	67.33	-1.0	-1.0	-1.0	-1.0
172	8	55.1	17.74	59.35	-1.0	-0.6	-1.0	-1.0
173	8	55.24	10.63	66.28	-1.0	0.0	-1.0	-1.0
174	8	56.94	5.18	57.22	-1.0	0.0	-1.0	-1.0
175	8	55.73	1.67	58.91	-1.0	0.0	-1.0	-1.0
176	8	56.39	0.27	57.67	-1.0	0.0	-1.0	-1.0
177	8	55.67	0.0	58.91	-1.0	0.0	-1.0	-0.8
178	8	56.92	0.0	55.98	-1.0	0.0	-1.0	-0.4
179	8	54.87	0.0	58.57	-1.0	0.0	-1.0	0.0
180	8	56.79	0.0	57.69	-1.0	0.0	-0.2	0.0
181	8	55.55	0.0	56.98	-1.0	0.0	0.0	0.0
182	8	56.29	0.0	56.99	-1.0	0.0	0.0	0.0
183	8	56.21	0.0	57.66	-1.0	0.0	0.0	0.0
184	8	56.74	0.0	55.99	-1.0	0.0	0.0	0.0
185	8	55.75	0.0	57.98	-1.0	0.0	0.0	0.0
186	8	56.67	0.0	55.43	-1.0	0.0	0.0	0.0
187	8	55.3	0.0	56.66	-1.0	0.0	0.0	0.0
188	8	56.53	0.0	56.01	-1.0	0.0	0.0	0.0
189	8	54.79	0.0	57.2	-1.0	1.0	1.0	1.0
190	8	57.04	0.0	56.45	-1.0	1.0	1.0	1.0
191	8	55.52	0.0	57.39	-1.0	1.0	1.0	1.0
192	8	56.97	0.0	56.37	-1.0	1.0	1.0	1.0
193	8	55.35	0.0	56.39	-1.0	1.0	1.0	1.0
194	8	57.37	0.0	54.85	-1.0	1.0	1.0	1.0
195	8	55.61	0.0	56.81	-1.0	1.0	1.0	1.0
196	8	56.78	0.0	55.82	-1.0	1.0	1.0	1.0
197	8	54.7	0.0	56.89	-1.0	1.0	1.0	1.0
198	8	54.84	0.0	55.65	-1.0	1.0	1.0	1.0
199	8	56.24	0.0	57.18	-1.0	1.0	1.0	1.0
200	8	56.79	0.0	55.59	-1.0	1.0	1.0	1.0
201	8	56.45	0.0	56.55	-1.0	1.0	1.0	1.0
202	8	56.43	0.0	54.91	-1.0	1.0	1.0	1.0
203	8	55.53	0.0	56.31	-1.0	1.0	1.0	1.0
204	8	56.13	0.0	55.68	-1.0	1.0	1.0	1.0
205	8	55.12	0.0	56.57	-1.0	0.7	0.7	0.8
206	8	55.93	0.0	54.14	-1.0	0.0	0.0	0.0
207	8	54.54	0.0	57.2	-1.0	0.0	0.0	0.0
208	8	56.04	0.0	56.16	-1.0	0.0	0.0	0.0
209	8	55.68	0.0	57.08	-1.0	0.0	0.0	0.0
210	8	57.23	0.0	55.68	-1.0	0.0	0.0	0.0
211	8	55.63	0.0	56.85	-1.0	0.0	0.0	0.0
212	8	56.98	0.0	55.77	-1.0	0.0	0.0	0.0
213	8	55.26	0.0	56.63	-1.0	0.0	0.0	0.0
214	8	52.51	0.0	55.93	-1.0	0.0	0.0	0.0
215	8	52.83	0.0	56.57	-1.0	0.0	0.0	0.0
216	8	52.08	0.0	53.9	-1.0	0.0	0.0	0.0
217	8	58.08	0.0	56.81	-1.0	0.0	0.0	0.0
218	8	57.68	0.0	58.18	-1.0	0.0	0.0	0.0
219	8	56.1	0.0	59.98	-1.0	0.0	0.0	0.0
220	8	60.76	0.0	74.06	-1.0	0.0	0.0	0.0
221	8	75.8	0.0	84.36	-1.0	0.0	-1.0	-1.0
222	8	82.92	0.71	83.69	-1.0	-0.4	-1.0	-1.0
223	8	83.49	3.82	78.64	-1.0	-0.5	-1.0	-1.0
224	8	86.39	9.06	68.94	-1.0	-0.5	-1.0	-1.0
225	8	89.07	16.59	66.9	-1.0	0.0	-1.0	-1.0
226	8	94.45	25.64	55.21	-1.0	-0.1	-1.0	-1.0
227	8	97.54	35.3	48.28	-1.0	0.0	-1.0	-1.0
228	8	100.03	45.34	44.91	-1.0	0.0	-1.0	-1.0
229	8	97.98	55.79	35.89	-1.0	0.0	-1.0	-0.1
230	8	100.81	63.3	27.6	-1.0	0.0	-1.0	-1.0
231	8	98.15	71.28	34.91	-1.0	0.0	-1.0	-1.0
232	8	99.58	79.84	16.39	-1.0	0.0	-1.0	-1.0
233	8	98.54	82.69	1.58	-1.0	0.1	-0.8	-0.7
234	8	98.8	89.86	-13.76	-1.0	0.2	0.0	-0.8
235	8	96.12	99.46	-3.84	-1.0	0.2	0.8	0.0
236	8	97.49	103.95	0.97	-1.0	0.0	0.2	-0.5
237	8	96.4	111.59	-3.08	-1.0	0.0	0.0	0.0
238	8	97.96	112.11	5.39	-1.0	-0.4	0.2	-0.6
239	8	96.08	118.57	-34.21	-1.0	-0.5	-0.3	-0.4
240	8	96.0	126.97	-33.88	-1.0	-1.0	1.0	0.2
241	8	84.73	127.72	-39.47	-1.0	-1.0	1.0	0.8
242	8	87.0	128.13	-32.53	-1.0	-1.0	1.0	0.5
243	8	89.43	132.35	-10.03	-1.0	-1.0	1.0	1.0
244	8	90.87	136.76	-18.43	-1.0	-1.0	0.5	0.6
245	8	95.81	136.05	-43.86	-1.0	-1.0	0.9	0.9
246	8	98.14	134.19	-36.25	-1.0	-1.0	1.0	1.0
247	8	95.81	135.57	0.38	-1.0	-1.0	1.0	1.0
248	8	96.95	135.41	-1.55	-1.0	-1.0	-0.1	0.0
249	8	93.95	108.64	29.14	-1.0	-0.5	0.0	0.2
250	8	96.73	86.33	23.42	-1.0	-0.3	-1.0	-1.0
251	8	97.62	103.06	23.92	-1.0	-0.3	-1.0	-0.8
252	8	97.31	114.35	7.61	-1.0	-0.1	-1.0	-1.0
253	8	96.38	120.88	-1.31	-1.0	0.0	-0.4	0.0
254	8	96.29	109.06	17.84	-1.0	-0.1	0.0	0.2
255	8	98.08	114.03	28.63	-1.0	-0.2	-0.9	-0.5
256	8	97.0	106.43	39.87	-1.0	-0.2	-1.0	-1.0
257	8	95.64	97.7	42.17	-1.0	0.0	-1.0	-1.0
258	8	97.55	95.73	12.37	-1.0	0.0	-1.0	-1.0
259	8	89.5	91.07	23.12	-1.0	-0.3	-0.6	-0.1
260	8	89.45	82.24	48.74	-1.0	-0.6	-1.0	-0.4
261	8	87.8	77.93	57.78	-1.0	-0.5	-0.8	0.0
262	8	90.73	70.35	60.99	-1.0	-0.5	0.0	0.0
263	8	90.86	63.76	68.12	-1.0	-0.5	0.0	0.0
264	8	88.51	38.12	61.93	-1.0	0.0	0.0	0.0
265	8	85.63	36.18	58.73	-1.0	0.0	0.0	0.0
266	8	86.39	38.63	55.09	-1.0	0.0	0.0	0.0
267	8	82.12	25.39	64.89	-1.0	0.0	0.0	0.0
268	8	83.15	15.82	59.84	-1.0	0.0	0.0	0.0
269	8	69.13	9.77	65.06	-1.0	0.0	0.0	0.0
270	8	71.73	5.45	56.01	-1.0	0.0	0.0	0.0
271	8	59.07	1.84	57.79	-1.0	0.0	0.0	0.0
272	8	59.04	0.13	55.76	-1.0	0.0	0.0	0.0
273	8	57.67	0.0	57.42	-1.0	0.0	0.0	0.0
274	8	58.91	0.0	56.09	-1.0	0.0	0.0	0.0
275	8	55.98	0.0	57.21	-1.0	0.0	0.0	0.0
276	8	58.57	0.0	55.94	-1.0	0.0	0.0	0.0
277	8	57.69	0.0	55.07	-1.0	0.0	0.0	0.0
278	8	56.98	0.0	53.8	-1.0	0.0	0.0	0.0
279	8	56.99	0.0	54.86	-1.0	0.0	0.0	0.0
280	8	57.66	0.0	55.58	-1.0	0.0	0.0	0.0
281	8	55.99	0.0	57.19	-1.0	0.0	0.0	0.0
282	8	57.98	0.0	55.82	-1.0	0.0	0.0	0.0
283	8	55.43	0.0	57.09	-1.0	0.0	0.0	0.0
284	8	56.66	0.0	56.47	-1.0	0.0	0.0	0.0
285	8	56.01	0.0	56.82	-1.0	1.0	1.0	1.0
286	8	57.2	0.0	55.99	-1.0	1.0	1.0	1.0
287	8	56.45	0.0	57.01	-1.0	1.0	1.0	1.0
288	8	57.39	0.0	55.06	-1.0	1.0	1.0	1.0
289	8	56.37	0.0	57.25	-1.0	1.0	1.0	1.0
290	8	56.39	0.0	55.45	-1.0	1.0	1.0	1.0
291	8	54.85	0.0	56.82	-1.0	1.0	1.0	1.0
292	8	56.81	0.0	55.17	-1.0	1.0	1.0	1.0
293	8	55.82	0.0	56.6	-1.0	1.0	1.0	1.0
294	8	56.89	0.0	55.63	-1.0	1.0	1.0	1.0
295	8	55.65	0.0	55.69	-1.0	1.0	1.0	1.0
296	8	57.18	0.0	57.56	-1.0	1.0	1.0	1.0
297	8	55.59	0.0	56.94	-1.0	1.0	1.0	1.0
298	8	56.55	0.0	54.27	-1.0	1.0	1.0	1.0
299	8	54.91	0.0	56.41	-1.0	1.0	1.0	1.0
300	8	56.31	0.0	54.36	-1.0	1.0	1.0	1.0
301	8	55.68	0.0	56.18	-1.0	0.7	0.8	0.7
302	8	56.57	0.0	55.5	-1.0	0.0	0.0	0.0
303	8	54.14	0.0	56.17	-1.0	0.0	0.0	0.0
304	8	57.2	0.0	54.79	-1.0	0.0	0.0	0.0
305	8	56.16	0.0	55.81	-1.0	0.0	0.0	0.0
306	8	57.08	0.0	55.05	-1.0	0.0	0.0	0.0
307	8	55.68	0.0	55.43	-1.0	0.0	0.0	0.0
308	8	56.85	0.0	54.78	-1.0	0.0	0.0	0.0
309	8	55.77	0.0	56.45	-1.0	0.0	0.0	0.0
310	8	56.63	0.0	55.85	-1.0	0.0	0.0	0.0
311	8	55.93	0.0	55.95	-1.0	0.0	0.0	0.0
312	8	56.57	0.0	57.47	-1.0	0.0	0.0	0.0
313	8	53.9	0.0	57.94	-1.0	0.0	0.0	0.0
314	8	56.81	0.0	58.99	-1.0	0.0	0.0	0.0
315	8	58.18	0.0	61.6	-1.0	0.0	0.0	0.0
316	8	59.98	0.0	79.73	-1.0	0.0	0.0	0.0
317	8	74.06	0.0	84.69	-1.0	0.0	-1.0	-1.0
318	8	84.92	0.56	82.78	-1.0	-0.5	-1.0	-1.0
319	8	86.38	2.69	79.99	-1.0	-0.6	-1.0	-1.0
320	8	87.57	8.93	77.86	-1.0	-0.3	-1.0	-1.0
321	8	86.65	17.71	76.47	-1.0	-0.1	-1.0	-1.0
322	8	94.29	27.39	75.93	-1.0	0.0	-1.0	-1.0
323	8	94.49	39.28	73.95	-1.0	0.0	-1.0	-1.0
324	8	96.38	48.1	75.44	-1.0	0.0	-1.0	-1.0
325	8	97.74	52.83	77.43	-1.0	0.0	-1.0	-1.0
326	8	99.32	63.43	72.69	-1.0	0.0	-1.0	-1.0
327	8	95.72	68.12	73.11	-1.0	0.0	-1.0	-1.0
328	8	99.86	64.95	53.89	-1.0	0.0	-1.0	-1.0
329	8	94.39	78.0	46.37	-1.0	0.0	-1.0	-1.0
330	8	97.18	95.59	43.47	-1.0	0.0	-1.0	-1.0
331	8	93.75	107.51	45.43	-1.0	0.0	-1.0	-1.0
332	8	96.6	100.44	27.19	-1.0	0.0	-0.1	-0.1
333	8	95.09	94.12	13.65	-1.0	-0.8	0.0	0.0
334	8	95.46	98.53	37.83	-1.0	-0.7	0.0	0.0
335	8	93.06	87.67	26.08	-1.0	-0.8	0.0	0.0
336	8	93.33	127.54	9.12	-1.0	-0.9	0.0	0.0
337	8	86.84	120.72	48.4	-1.0	-1.0	0.0	0.0
338	8	85.17	124.64	59.39	-1.0	-1.0	0.0	0.0
339	8	86.96	119.49	68.87	-1.0	-1.0	0.0	0.0
340	8	89.64	99.67	63.89	-1.0	-1.0	0.0	0.0
341	8	88.56	106.99	55.52	-1.0	-1.0	0.0	0.0
342	8	92.79	136.65	32.98	-1.0	-1.0	0.0	0.0
343	8	91.82	128.07	30.95	-1.0	-0.9	0.0	0.0
344	8	92.04	91.66	28.44	-1.0	-0.8	0.0	0.0
345	8	89.62	91.17	70.7	-1.0	-0.7	0.0	0.0
346	8	90.88	61.74	76.19	-1.0	-0.5	0.0	0.0
347	8	86.67	63.25	81.1	-1.0	-0.6	0.0	0.0
348	8	86.8	62.87	77.26	-1.0	-0.7	0.0	0.0
349	8	85.16	77.55	75.27	-1.0	-0.2	0.0	0.0
350	8	86.99	88.3	73.75	-1.0	0.0	0.0	0.0
351	8	85.05	67.21	78.42	-1.0	0.0	0.0	0.0
352	8	86.66	58.03	79.62	-1.0	0.0	0.0	0.0
353	8	85.83	45.95	75.57	-1.0	0.0	0.0	0.0
354	8	87.92	45.74	63.85	-1.0	0.0	0.0	0.0
355	8	83.84	71.48	55.83	-1.0	0.0	0.0	0.0
356	8	87.01	63.89	49.5	-1.0	0.0	0.0	0.0
357	8	84.2	35.46	71.49	-1.0	0.0	0.0	0.0
358	8	84.58	26.8	61.84	-1.0	0.0	0.0	0.0
359	8	82.44	21.45	75.57	-1.0	0.0	0.0	0.0
360	8	83.15	15.03	69.88	-1.0	0.0	0.0	0.0
361	8	78.99	17.06	77.3	-1.0	0.0	0.0	0.0
362	8	80.26	21.53	74.81	-1.0	0.0	0.0	0.0
363	8	79.28	24.19	77.78	-1.0	0.0	0.0	0.0
364	8	78.24	13.35	64.05	-1.0	0.0	0.0	0.0
365	8	68.69	8.85	67.79	-1.0	0.0	0.0	0.0
366	8	69.57	4.51	55.75	-1.0	0.0	0.0	0.0
367	8	57.38	1.37	57.12	-1.0	0.0	0.0	0.0
368	8	58.1	0.32	54.96	-1.0	0.0	0.0	0.0
369	8	55.76	0.0	56.36	-1.0	0.0	0.0	0.0
370	8	57.42	0.0	55.42	-1.0	0.0	0.0	0.0
371	8	56.09	0.0	55.86	-1.0	0.0	0.0	0.0
372	8	57.21	0.0	55.98	-1.0	0.0	0.0	0.0
373	8	55.94	0.0	55.62	-1.0	0.0	0.0	0.0
374	8	55.07	0.0	54.31	-1.0	0.0	0.0	0.0
375	8	53.8	0.0	55.25	-1.0	0.0	0.0	0.0
376	8	54.86	0.0	54.73	-1.0	0.0	0.0	0.0
377	8	55.58	0.0	55.46	-1.0	0.0	0.0	0.0
378	8	57.19	0.0	54.48	-1.0	0.0	0.0	0.0
379	8	55.82	0.0	55.11	-1.0	0.0	0.0	0.0
380	8	57.09	0.0	55.17	-1.0	0.0	0.0	0.0
381	8	56.47	0.0	56.98	-1.0	1.0	1.0	1.0
382	8	56.82	0.0	56.47	-1.0	1.0	1.0	1.0
383	8	55.99	0.0	57.19	-1.0	1.0	1.0	1.0
384	8	57.01	0.0	53.86	-1.0	1.0	1.0	1.0
385	8	55.06	0.0	56.15	-1.0	1.0	1.0	1.0
386	8	57.25	0.0	55.87	-1.0	1.0	1.0	1.0
387	8	55.45	0.0	56.78	-1.0	1.0	1.0	1.0
388	8	56.82	0.0	54.19	-1.0	1.0	1.0	1.0
389	8	55.17	0.0	56.68	-1.0	1.0	1.0	1.0
390	8	56.6	0.0	54.82	-1.0	1.0	1.0	1.0
391	8	55.63	0.0	57.33	-1.0	1.0	1.0	1.0
392	8	55.69	0.0	54.93	-1.0	1.0	1.0	1.0
393	8	57.56	0.0	56.1	-1.0	1.0	1.0	1.0
394	8	56.94	0.0	55.24	-1.0	1.0	1.0	1.0
395	8	54.27	0.0	56.59	-1.0	1.0	1.0	1.0
396	8	56.41	0.0	54.31	-1.0	1.0	1.0	1.0
397	8	54.36	0.0	56.41	-1.0	0.8	0.7	0.7
398	8	56.18	0.0	54.06	-1.0	0.0	0.0	0.0
399	8	55.5	0.0	56.26	-1.0	0.0	0.0	0.0
400	8	56.17	0.0	55.35	-1.0	0.0	0.0	0.0
401	8	54.79	0.0	56.62	-1.0	0.0	0.0	0.0
402	8	55.81	0.0	56.22	-1.0	0.0	0.0	0.0
403	8	55.05	0.0	57.12	-1.0	0.0	0.0	0.0
404	8	55.43	0.0	54.14	-1.0	0.0	0.0	0.0
405	8	54.78	0.0	56.66	-1.0	0.0	0.0	0.0
406	8	56.45	0.0	54.73	-1.0	0.0	0.0	0.0
407	8	55.85	0.0	57.47	-1.0	0.0	0.0	0.0
408	8	55.95	0.0	56.14	-1.0	0.0	0.0	0.0
409	8	57.47	0.0	57.06	-1.0	0.0	0.0	0.0
410	8	57.94	0.0	55.47	-1.0	0.0	0.0	0.0
411	8	58.99	0.0	58.25	-1.0	0.0	0.0	0.0
412	8	61.6	0.0	70.14	-1.0	0.0	0.0	0.0
413	8	79.73	0.0	82.09	-1.0	0.0	-1.0	-1.0
414	8	85.62	0.93	85.99	-1.0	-0.5	-1.0	-1.0
415	8	86.82	4.04	85.54	-1.0	-1.0	-1.0	-1.0
416	8	90.73	10.73	83.28	-1.0	-0.7	-1.0	-1.0
417	8	89.97	12.11	86.63	-1.0	-0.9	-1.0	-1.0
418	8	93.5	17.03	84.91	-1.0	0.0	-1.0	-1.0
419	8	94.14	18.21	88.07	-1.0	-1.0	-1.0	-1.0
420	8	96.72	22.77	85.64	-1.0	-0.5	-1.0	-1.0
421	8	95.66	20.22	83.58	-1.0	-1.0	-1.0	-1.0
422	8	98.12	20.69	81.19	-1.0	-0.3	-1.0	-1.0
423	8	93.61	20.92	80.29	-1.0	-0.2	-1.0	-1.0
424	8	97.68	24.56	78.13	-1.0	-0.3	-1.0	-1.0
425	8	94.44	40.55	78.78	-1.0	0.0	-1.0	-1.0
426	8	97.83	51.46	75.17	-1.0	-0.6	-1.0	-1.0
427	8	96.52	53.05	77.89	-1.0	-0.4	-1.0	-1.0
428	8	97.82	52.38	62.34	-1.0	-0.2	-0.1	-0.1
429	8	91.52	64.33	52.2	-1.0	0.0	0.0	0.0
430	8	93.26	79.61	56.99	-1.0	-0.5	0.0	0.0
431	8	92.15	54.32	55.94	-1.0	-1.0	0.0	0.0
432	8	89.55	63.47	49.87	-1.0	-1.0	0.0	0.0
433	8	82.51	73.4	49.68	-1.0	-1.0	0.0	0.0
434	8	87.13	38.73	40.89	-1.0	-1.0	0.0	0.0
435	8	85.84	26.45	42.11	-1.0	-1.0	0.0	0.0
436	8	88.9	20.02	46.67	-1.0	-1.0	0.0	0.0
437	8	87.9	24.01	41.49	-1.0	-0.6	0.0	0.0
438	8	87.41	31.89	38.46	-1.0	-0.4	0.0	0.0
439	8	84.86	51.88	31.02	-1.0	0.0	0.0	0.0
440	8	88.19	57.25	46.19	-1.0	0.0	0.0	0.0
441	8	85.58	57.14	24.11	-1.0	0.0	0.0	0.0
442	8	89.08	18.38	17.8	-1.0	0.0	0.0	0.0
443	8	87.65	11.46	48.17	-1.0	0.0	0.0	0.0
444	8	88.83	7.73	46.98	-1.0	0.0	0.0	0.0
445	8	85.71	8.45	68.28	-1.0	0.0	0.0	0.0
446	8	88.77	13.5	43.41	-1.0	0.0	0.0	0.0
447	8	87.3	13.55	53.02	-1.0	0.0	0.0	0.0
448	8	88.17	9.75	50.88	-1.0	0.0	0.0	0.0
449	8	88.52	8.91	20.35	-1.0	0.0	0.0	0.0
450	8	87.37	11.8	30.34	-1.0	0.0	0.0	0.0
451	8	84.93	21.07	28.22	-1.0	0.0	0.0	0.0
452	8	84.46	28.63	-4.35	-1.0	0.0	0.0	0.0
453	8	90.61	41.12	7.39	-1.0	0.0	0.2	0.5
454	8	85.45	13.96	17.96	-1.0	0.0	-0.2	0.0
455	8	80.53	18.69	29.29	-1.0	0.0	0.0	-0.3
456	8	84.6	9.03	45.27	-1.0	0.0	0.0	-0.1
457	8	80.02	10.14	60.79	-1.0	0.0	0.0	0.0
458	8	81.88	4.58	63.48	-1.0	0.0	0.0	0.0
459	8	79.77	4.95	64.88	-1.0	0.0	0.0	0.0
460	8	79.89	2.11	58.25	-1.0	0.0	0.0	0.0
461	8	68.43	4.37	60.82	-1.0	0.0	0.0	0.0
462	8	69.45	1.66	53.75	-1.0	0.0	0.0	0.0
463	8	56.31	0.56	56.0	-1.0	0.0	0.0	0.0
464	8	57.37	0.24	54.6	-1.0	0.0	0.0	0.0
465	8	54.96	0.0	56.01	-1.0	0.0	0.0	0.0
466	8	56.36	0.0	54.08	-1.0	0.0	0.0	0.0
467	8	55.42	0.0	56.41	-1.0	0.0	0.0	0.0
468	8	55.86	0.0	54.73	-1.0	0.0	0.0	0.0
469	8	55.98	0.0	55.1	-1.0	0.0	0.0	0.0
470	8	55.62	0.0	54.94	-1.0	0.0	0.0	0.0
471	8	54.31	0.0	55.01	-1.0	0.0	0.0	0.0
472	8	55.25	0.0	55.5	-1.0	0.0	0.0	0.0
473	8	54.73	0.0	55.69	-1.0	0.0	0.0	0.0
474	8	55.46	0.0	54.45	-1.0	0.0	0.0	0.0
475	8	54.48	0.0	54.84	-1.0	0.0	0.0	0.0
476	8	55.11	0.0	52.97	-1.0	0.0	0.0	0.0
477	8	55.17	0.0	54.19	-1.0	1.0	1.0	1.0
478	8	56.98	0.0	54.37	-1.0	1.0	1.0	1.0
479	8	56.47	0.0	55.62	-1.0	1.0	1.0	1.0
480	8	57.19	0.0	54.39	-1.0	1.0	1.0	1.0
481	8	53.86	0.0	55.95	-1.0	1.0	1.0	1.0
482	8	56.15	0.0	56.2	-1.0	1.0	1.0	1.0
483	8	55.87	0.0	56.58	-1.0	1.0	1.0	1.0
484	8	56.78	0.0	55.23	-1.0	1.0	1.0	1.0
485	8	54.19	0.0	55.81	-1.0	1.0	1.0	1.0
486	8	56.68	0.0	55.98	-1.0	1.0	1.0	1.0
487	8	54.82	0.0	56.33	-1.0	1.0	1.0	1.0
488	8	57.33	0.0	54.54	-1.0	1.0	1.0	1.0
489	8	54.93	0.0	56.27	-1.0	1.0	1.0	1.0
490	8	56.1	0.0	54.36	-1.0	1.0	1.0	1.0
491	8	55.24	0.0	55.56	-1.0	1.0	1.0	1.0
492	8	56.59	0.0	54.59	-1.0	1.0	1.0	1.0
493	8	54.31	0.0	55.59	-1.0	0.7	0.8	0.7
494	8	56.41	0.0	55.75	-1.0	0.0	0.0	0.0
495	8	54.06	0.0	56.09	-1.0	0.0	0.0	0.0
496	8	56.26	0.0	54.83	-1.0	0.0	0.0	0.0
497	8	55.35	0.0	56.38	-1.0	0.0	0.0	0.0
498	8	56.62	0.0	55.89	-1.0	0.0	0.0	0.0
499	8	56.22	0.0	56.48	-1.0	0.0	0.0	0.0
500	8	57.12	0.0	54.86	-1.0	0.0	0.0	0.0
501	8	54.14	0.0	56.45	-1.0	0.0	0.0	0.0
502	8	56.66	0.0	55.89	-1.0	0.0	0.0	0.0
503	8	54.73	0.0	56.9	-1.0	0.0	0.0	0.0
504	8	57.47	0.0	55.3	-1.0	0.0	0.0	0.0
505	8	56.14	0.0	56.31	-1.0	0.0	0.0	0.0
506	8	57.06	0.0	56.21	-1.0	0.0	0.0	0.0
507	8	55.47	0.0	56.83	-1.0	0.0	0.0	0.0
508	8	58.25	0.0	55.29	-1.0	0.0	0.0	0.0
509	8	70.14	0.0	56.91	-1.0	0.0	-1.0	-1.0
510	8	82.09	0.0	54.7	-1.0	0.0	-1.0	-1.0
511	8	86.46	0.47	56.25	-1.0	0.0	-1.0	-1.0
512	8	88.13	2.59	55.53	-1.0	0.0	-1.0	-1.0
513	8	87.44	4.16	55.1	-1.0	-0.2	-1.0	-1.0
514	8	91.3	4.66	53.67	-1.0	0.0	-1.0	-1.0
515	8	90.97	6.06	54.05	-1.0	0.0	-1.0	-1.0
516	8	94.28	6.21	49.78	-1.0	0.0	-1.0	-1.0
517	8	93.58	7.94	44.84	-1.0	0.0	-1.0	-1.0
518	8	94.59	11.01	38.28	-1.0	-0.1	-1.0	-1.0
519	8	94.15	12.95	37.4	-1.0	0.0	-1.0	-1.0
520	8	94.36	14.07	36.06	-1.0	-0.1	-1.0	-1.0
521	8	94.12	15.99	32.1	-1.0	-0.6	-1.0	-1.0
522	8	95.67	16.89	7.63	-1.0	-0.5	-1.0	-1.0
523	8	93.67	18.5	0.15	-1.0	-0.1	-0.4	-0.8
524	8	93.94	16.05	-20.77	-1.0	-0.7	0.0	-0.3
525	8	87.66	25.32	2.26	-1.0	-0.7	1.0	0.3
526	8	89.43	37.23	2.3	-1.0	-1.0	-0.1	-0.3
527	8	85.12	28.13	-22.5	-1.0	-1.0	-0.1	0.0
528	8	84.41	28.48	-46.37	-1.0	-1.0	1.0	0.0
529	8	82.34	32.47	-38.0	-1.0	-1.0	1.0	0.2
530	8	84.2	34.52	-32.94	-1.0	-1.0	1.0	1.0
531	8	83.7	42.81	-26.75	-1.0	-1.0	1.0	1.0
532	8	85.88	43.76	-44.72	-1.0	-1.0	1.0	1.0
533	8	84.26	37.58	-44.62	-1.0	-1.0	1.0	1.0
534	8	85.34	43.86	-10.97	-1.0	-1.0	1.0	1.0
535	8	85.34	46.88	-5.93	-1.0	-0.2	0.5	0.3
536	8	86.85	55.82	8.36	-1.0	-0.3	0.3	0.4
537	8	84.62	38.43	2.49	-1.0	0.0	-0.5	-0.3
538	8	88.25	64.15	-39.87	-1.0	0.0	-0.2	0.0
539	8	83.7	65.91	-39.27	-1.0	0.0	1.0	1.0
540	8	88.79	40.62	-27.8	-1.0	0.0	1.0	1.0
541	8	82.91	35.93	-10.02	-1.0	0.0	1.0	1.0
542	8	86.25	17.97	-27.47	-1.0	0.0	0.5	0.5
543	8	84.59	41.18	-32.08	-1.0	0.1	1.0	1.0
544	8	88.24	35.22	-29.82	-1.0	0.0	1.0	1.0
545	8	83.19	32.3	-0.19	-1.0	0.0	1.0	1.0
546	8	85.9	65.55	-23.0	-1.0	0.0	0.0	0.1
547	8	81.0	50.66	20.35	-1.0	0.0	1.0	1.0
548	8	83.84	55.62	18.27	-1.0	0.0	-1.0	-0.7
549	8	80.37	84.72	26.56	-1.0	0.0	-1.0	-0.6
550	8	81.11	73.72	51.23	-1.0	0.0	-1.0	-1.0
551	8	77.76	59.8	52.84	-1.0	0.0	-1.0	-1.0
552	8	79.7	50.42	52.53	-1.0	0.0	-1.0	-1.0
553	8	76.14	30.87	52.77	-1.0	-0.1	-1.0	-1.0
554	8	78.22	17.43	42.31	-1.0	0.0	-1.0	-1.0
555	8	74.24	10.76	38.4	-1.0	-0.3	-1.0	-1.0
556	8	76.51	11.63	43.48	-1.0	-0.1	-1.0	-0.5
557	8	67.88	9.63	48.88	-1.0	-0.8	-1.0	-1.0
558	8	67.69	6.87	50.74	-1.0	-1.0	-1.0	-1.0
559	8	55.9	2.15	53.27	-1.0	-0.4	-1.0	-0.6
560	8	56.25	0.25	52.56	-1.0	0.0	-1.0	-0.7
561	8	54.6	0.0	53.66	-1.0	0.0	-1.0	-0.6
562	8	56.01	0.0	52.65	-1.0	0.0	-0.5	0.0
563	8	54.08	0.0	53.08	-1.0	0.0	0.0	-0.1
564	8	56.41	0.0	52.32	-1.0	0.0	0.0	0.0
565	8	54.73	0.0	53.13	-1.0	0.0	0.0	0.0
566	8	55.1	0.0	53.42	-1.0	0.0	0.0	0.0
567	8	54.94	0.0	54.66	-1.0	0.0	0.0	0.0
568	8	55.01	0.0	54.16	-1.0	0.0	0.0	0.0
569	8	55.5	0.0	55.69	-1.0	0.0	0.0	0.0
570	8	55.69	0.0	53.24	-1.0	0.0	0.0	0.0
571	8	54.45	0.0	55.51	-1.0	0.0	0.0	0.0
572	8	54.84	0.0	53.6	-1.0	0.0	0.0	0.0
573	8	52.97	0.0	53.69	-1.0	1.0	1.0	1.0
574	8	54.19	0.0	53.12	-1.0	1.0	1.0	1.0
575	8	54.37	0.0	54.48	-1.0	1.0	1.0	1.0
576	8	55.62	0.0	53.73	-1.0	1.0	1.0	1.0
577	8	54.39	0.0	56.75	-1.0	1.0	1.0	1.0
578	8	55.95	0.0	55.78	-1.0	1.0	1.0	1.0
579	8	56.2	0.0	56.32	-1.0	1.0	1.0	1.0
580	8	56.58	0.0	55.48	-1.0	1.0	1.0	1.0
581	8	55.23	0.0	55.65	-1.0	1.0	1.0	1.0
582	8	55.81	0.0	55.34	-1.0	1.0	1.0	1.0
583	8	55.98	0.0	56.38	-1.0	1.0	1.0	1.0
584	8	56.33	0.0	54.16	-1.0	1.0	1.0	1.0
585	8	54.54	0.0	56.37	-1.0	1.0	1.0	1.0
586	8	56.27	0.0	55.4	-1.0	1.0	1.0	1.0
587	8	54.36	0.0	57.16	-1.0	1.0	1.0	1.0
588	8	55.56	0.0	54.4	-1.0	1.0	1.0	1.0
589	8	54.59	0.0	56.36	-1.0	0.7	0.7	0.7
590	8	55.59	0.0	55.42	-1.0	0.0	0.0	0.0
591	8	55.75	0.0	56.13	-1.0	0.0	0.0	0.0
592	8	56.09	0.0	54.86	-1.0	0.0	0.0	0.0
593	8	54.83	0.0	55.35	-1.0	0.0	0.0	0.0
594	8	56.38	0.0	54.37	-1.0	0.0	0.0	0.0
595	8	55.89	0.0	56.58	-1.0	0.0	0.0	0.0
596	8	56.48	0.0	53.32	-1.0	0.0	0.0	0.0
597	8	54.86	0.0	55.54	-1.0	0.0	0.0	0.0
598	8	56.45	0.0	54.9	-1.0	0.0	0.0	0.0
599	8	55.89	0.0	55.68	-1.0	0.0	0.0	0.0
600	8	56.9	0.0	55.46	-1.0	0.0	0.0	0.0
601	8	55.3	0.0	55.5	-1.0	0.0	0.0	0.0
602	8	56.31	0.0	55.24	-1.0	0.0	0.0	0.0
603	8	56.21	0.0	55.77	-1.0	0.0	0.0	0.0
604	8	56.83	0.0	55.0	-1.0	0.0	0.0	0.0
605	8	55.29	0.0	55.38	-1.0	0.0	-1.0	-1.0
606	8	56.91	0.0	53.83	-1.0	0.0	-1.0	-1.0
607	8	55.22	0.52	52.97	-1.0	0.0	-1.0	-1.0
608	8	56.59	0.34	49.23	-1.0	-0.2	-1.0	-1.0
609	8	56.06	0.53	49.03	-1.0	-0.1	-1.0	-1.0
610	8	56.29	1.19	44.35	-1.0	0.0	-1.0	-1.0
611	8	54.76	1.1	42.05	-1.0	0.0	-1.0	-1.0
612	8	56.73	2.68	37.27	-1.0	0.0	-1.0	-1.0
613	8	55.69	5.91	32.35	-1.0	0.0	-1.0	-1.0
614	8	56.42	11.58	25.27	-1.0	0.0	-1.0	-1.0
615	8	56.18	17.91	16.49	-1.0	0.0	-1.0	-1.0
616	8	54.22	16.81	14.93	-1.0	-0.2	-0.8	-1.0
617	8	52.52	16.46	13.1	-1.0	-0.4	-0.7	-0.8
618	8	53.95	21.85	7.99	-1.0	-0.3	-0.6	-1.0
619	8	53.14	45.51	17.56	-1.0	-0.3	-0.4	-0.8
620	8	55.89	55.74	10.63	-1.0	-0.5	-0.9	-0.5
621	8	53.42	74.2	8.76	-1.0	-0.9	-0.5	0.0
622	8	54.99	52.73	15.95	-1.0	-0.9	-0.2	0.0
623	8	54.62	52.32	12.9	-1.0	-0.7	0.0	0.0
624	8	54.36	76.86	15.55	-1.0	-0.9	0.0	0.0
625	8	52.12	98.49	17.04	-1.0	-1.0	0.0	0.0
626	8	53.95	91.95	14.04	-1.0	-1.0	0.0	0.0
627	8	53.44	86.38	15.31	-1.0	-1.0	0.0	0.0
628	8	53.1	79.85	7.37	-1.0	-1.0	0.0	0.0
629	8	53.27	97.98	4.15	-1.0	-1.0	0.0	0.0
630	8	53.13	97.76	8.36	-1.0	-1.0	0.0	0.0
631	8	52.71	63.68	15.94	-1.0	-0.7	0.0	0.0
632	8	53.06	58.99	1.65	-1.0	-0.3	0.0	0.0
633	8	52.77	44.41	-1.14	-1.0	0.0	0.0	0.0
634	8	53.36	50.87	-0.99	-1.0	0.0	0.0	0.2
635	8	52.57	92.44	-6.14	-1.0	0.0	0.0	0.1
636	8	53.09	92.37	12.25	-1.0	0.0	0.3	0.4
637	8	51.16	78.97	-5.19	-1.0	0.0	-0.3	-0.2
638	8	52.92	62.94	-7.81	-1.0	0.0	0.3	0.5
639	8	52.07	79.53	15.6	-1.0	0.1	0.4	0.7
640	8	52.33	84.41	12.94	-1.0	0.0	-0.6	-0.4
641	8	53.56	83.38	6.5	-1.0	0.0	0.0	-0.1
642	8	53.37	53.56	6.52	-1.0	0.1	0.0	-0.1
643	8	52.8	75.8	16.35	-1.0	0.0	0.0	0.0
644	8	54.4	34.05	22.51	-1.0	0.0	0.0	-0.3
645	8	52.93	34.66	36.97	-1.0	0.0	0.0	-0.6
646	8	53.06	26.5	40.59	-1.0	-0.4	0.0	0.0
647	8	51.23	0.0	44.3	-1.0	-0.5	0.0	0.0
648	8	52.84	0.0	46.38	-1.0	-0.5	0.0	0.0
649	8	52.53	0.0	48.9	-1.0	-0.6	0.0	0.0
650	8	52.77	0.0	43.88	-1.0	0.0	0.0	0.0
651	8	52.61	10.3	49.75	-1.0	0.0	0.0	0.0
652	8	52.78	14.38	50.07	-1.0	0.0	0.0	0.0
653	8	52.05	8.58	51.37	-1.0	-0.9	0.0	0.0
654	8	53.33	4.45	52.41	-1.0	0.0	0.0	0.0
655	8	52.48	1.74	53.35	-1.0	0.0	0.0	0.0
656	8	53.66	0.4	51.71	-1.0	0.0	0.0	0.0
657	8	52.56	0.0	53.23	-1.0	0.0	0.0	0.0
658	8	53.66	0.0	52.09	-1.0	0.0	0.0	0.0
659	8	52.65	0.0	53.76	-1.0	0.0	0.0	0.0
660	8	53.08	0.0	53.13	-1.0	0.0	0.0	0.0
661	8	52.32	0.0	53.42	-1.0	0.0	0.0	0.0
662	8	53.13	0.0	52.72	-1.0	0.0	0.0	0.0
663	8	53.42	0.0	54.33	-1.0	0.0	0.0	0.0
664	8	54.66	0.0	52.4	-1.0	0.0	0.0	0.0
665	8	54.16	0.0	54.9	-1.0	0.0	0.0	0.0
666	8	55.69	0.0	53.58	-1.0	0.0	0.0	0.0
667	8	53.24	0.0	55.57	-1.0	0.0	0.0	0.0
668	8	55.51	0.0	54.19	-1.0	0.0	0.0	0.0
669	8	53.6	0.0	55.01	-1.0	1.0	1.0	1.0
670	8	53.69	0.0	54.55	-1.0	1.0	1.0	1.0
671	8	53.12	0.0	55.78	-1.0	1.0	1.0	1.0
672	8	54.48	0.0	55.78	-1.0	1.0	1.0	1.0
1	9	53.73	0.0	55.78	-1.0	1.0	1.0	1.0
2	9	56.75	0.0	54.46	-1.0	1.0	1.0	1.0
3	9	55.78	0.0	56.75	-1.0	1.0	1.0	1.0
4	9	56.32	0.0	55.04	-1.0	1.0	1.0	1.0
5	9	55.48	0.0	55.85	-1.0	1.0	1.0	1.0
6	9	55.65	0.0	54.71	-1.0	1.0	1.0	1.0
7	9	55.34	0.0	55.19	-1.0	1.0	1.0	1.0
8	9	56.38	0.0	54.31	-1.0	1.0	1.0	1.0
9	9	54.16	0.0	56.07	-1.0	1.0	1.0	1.0
10	9	56.37	0.0	54.04	-1.0	1.0	1.0	1.0
11	9	55.4	0.0	55.65	-1.0	1.0	1.0	1.0
12	9	57.16	0.0	54.4	-1.0	1.0	1.0	1.0
13	9	54.4	0.0	55.19	-1.0	0.8	0.7	0.7
14	9	56.36	0.0	54.42	-1.0	0.0	0.0	0.0
15	9	55.42	0.0	56.45	-1.0	0.0	0.0	0.0
16	9	56.13	0.0	54.13	-1.0	0.0	0.0	0.0
17	9	54.86	0.0	55.77	-1.0	0.0	0.0	0.0
18	9	55.35	0.0	54.51	-1.0	0.0	0.0	0.0
19	9	54.37	0.0	56.08	-1.0	0.0	0.0	0.0
20	9	56.58	0.0	54.56	-1.0	0.0	0.0	0.0
21	9	53.32	0.0	56.64	-1.0	0.0	0.0	0.0
22	9	55.54	0.0	55.41	-1.0	0.0	0.0	0.0
23	9	54.9	0.0	56.75	-1.0	0.0	0.0	0.0
24	9	55.68	0.0	55.22	-1.0	0.0	0.0	0.0
25	9	55.46	0.0	56.5	-1.0	0.0	0.0	0.0
26	9	55.5	0.0	55.78	-1.0	0.0	0.0	0.0
27	9	55.24	0.0	55.86	-1.0	0.0	0.0	0.0
28	9	55.77	0.0	68.68	-1.0	0.0	0.0	0.0
29	9	55.0	0.0	78.01	-1.0	0.0	-1.0	-1.0
30	9	56.1	0.73	80.5	-1.0	0.0	-1.0	-1.0
31	9	55.29	1.46	83.82	-1.0	-0.5	-1.0	-1.0
32	9	55.61	2.64	85.38	-1.0	-1.0	-1.0	-1.0
33	9	53.91	4.68	87.78	-1.0	-0.6	-1.0	-1.0
34	9	55.72	6.69	85.02	-1.0	-0.9	-1.0	-1.0
35	9	54.28	9.94	88.32	-1.0	-1.0	-1.0	-1.0
36	9	55.43	13.39	84.12	-1.0	-0.6	-1.0	-1.0
37	9	54.14	16.87	87.35	-1.0	-1.0	-1.0	-1.0
38	9	55.65	23.3	70.72	-1.0	0.0	-1.0	-1.0
39	9	54.49	29.22	19.04	-1.0	-0.4	-1.0	-1.0
40	9	55.22	38.72	20.67	-1.0	-0.1	-1.0	-1.0
41	9	52.98	38.05	20.44	-1.0	0.0	-1.0	-0.9
42	9	54.71	41.61	21.91	-1.0	0.0	-1.0	-1.0
43	9	52.09	44.1	31.27	-1.0	0.0	-1.0	-1.0
44	9	54.87	37.32	36.02	-1.0	-0.4	-0.1	-0.2
45	9	52.69	42.06	26.65	-1.0	-0.1	0.0	0.0
46	9	54.21	45.45	34.4	-1.0	-0.9	0.0	0.0
47	9	54.25	38.3	46.98	-1.0	-0.9	0.0	0.0
48	9	54.76	41.87	16.13	-1.0	-1.0	0.0	0.0
49	9	51.95	36.4	22.59	-1.0	-1.0	0.0	0.0
50	9	53.87	36.83	42.25	-1.0	-1.0	0.0	0.0
51	9	51.34	37.31	36.88	-1.0	-1.0	0.0	0.0
52	9	53.7	38.38	45.21	-1.0	-1.0	0.0	0.0
53	9	51.84	44.48	30.5	-1.0	-0.9	0.0	0.0
54	9	53.88	49.73	1.65	-1.0	-0.8	0.0	0.0
55	9	52.78	44.42	35.05	-1.0	0.0	0.0	0.2
56	9	53.49	37.55	53.52	-1.0	0.0	0.0	-0.2
57	9	52.61	50.97	46.73	-1.0	0.0	0.0	0.0
58	9	53.49	54.63	22.55	-1.0	0.0	0.0	0.0
59	9	54.01	55.0	8.76	-1.0	0.0	0.0	0.0
60	9	53.38	59.51	12.02	-1.0	0.0	0.0	0.0
61	9	52.67	40.41	0.51	-1.0	0.0	0.0	0.0
62	9	53.2	58.39	-17.15	-1.0	0.0	0.0	0.2
63	9	53.1	60.91	2.35	-1.0	0.0	0.9	1.0
64	9	53.59	37.98	14.6	-1.0	0.0	-0.1	0.1
65	9	51.82	38.88	24.58	-1.0	0.0	-0.7	-0.3
66	9	53.74	47.24	17.55	-1.0	0.0	0.0	-0.7
67	9	51.48	44.95	26.4	-1.0	0.0	0.0	-0.2
68	9	53.38	37.02	34.61	-1.0	0.0	0.0	0.0
69	9	52.37	29.86	31.31	-1.0	0.0	0.0	0.0
70	9	53.62	16.66	48.74	-1.0	0.0	0.0	0.0
71	9	52.56	11.97	58.19	-1.0	0.0	0.0	0.0
72	9	54.18	9.88	60.59	-1.0	0.0	0.0	0.0
73	9	50.8	4.42	63.68	-1.0	0.0	0.0	0.0
74	9	54.11	5.21	67.76	-1.0	0.0	0.0	0.0
75	9	51.29	7.4	68.48	-1.0	0.0	0.0	0.0
76	9	53.7	3.95	61.57	-1.0	0.0	0.0	0.0
77	9	53.99	3.92	66.43	-1.0	0.0	0.0	0.0
78	9	53.25	1.88	57.03	-1.0	0.0	0.0	0.0
79	9	52.58	0.17	57.66	-1.0	0.0	0.0	0.0
80	9	53.35	0.0	55.01	-1.0	0.0	0.0	0.0
81	9	51.71	0.0	56.22	-1.0	0.0	0.0	0.0
82	9	53.23	0.0	53.06	-1.0	0.0	0.0	0.0
83	9	52.09	0.0	55.61	-1.0	0.0	0.0	0.0
84	9	53.76	0.0	54.92	-1.0	0.0	0.0	0.0
85	9	53.13	0.0	54.42	-1.0	0.0	0.0	0.0
86	9	53.42	0.0	53.21	-1.0	0.0	0.0	0.0
87	9	52.72	0.0	54.19	-1.0	0.0	0.0	0.0
88	9	54.33	0.0	52.3	-1.0	0.0	0.0	0.0
89	9	52.4	0.0	54.33	-1.0	0.0	0.0	0.0
90	9	54.9	0.0	52.93	-1.0	0.0	0.0	0.0
91	9	53.58	0.0	54.63	-1.0	0.0	0.0	0.0
92	9	55.57	0.0	54.27	-1.0	0.0	0.0	0.0
93	9	54.19	0.0	55.2	-1.0	1.0	1.0	1.0
94	9	55.01	0.0	54.31	-1.0	1.0	1.0	1.0
95	9	54.55	0.0	55.43	-1.0	1.0	1.0	1.0
96	9	55.78	0.0	54.26	-1.0	1.0	1.0	1.0
97	9	53.07	0.0	54.58	-1.0	1.0	1.0	1.0
98	9	55.78	0.0	55.51	-1.0	1.0	1.0	1.0
99	9	54.46	0.0	54.4	-1.0	1.0	1.0	1.0
100	9	56.75	0.0	53.05	-1.0	1.0	1.0	1.0
101	9	55.04	0.0	54.62	-1.0	1.0	1.0	1.0
102	9	55.85	0.0	53.67	-1.0	1.0	1.0	1.0
103	9	54.71	0.0	54.63	-1.0	1.0	1.0	1.0
104	9	55.19	0.0	53.76	-1.0	1.0	1.0	1.0
105	9	54.31	0.0	55.55	-1.0	1.0	1.0	1.0
106	9	56.07	0.0	54.55	-1.0	1.0	1.0	1.0
107	9	54.04	0.0	56.01	-1.0	1.0	1.0	1.0
108	9	55.65	0.0	54.44	-1.0	1.0	1.0	1.0
109	9	54.4	0.0	55.9	-1.0	0.7	0.7	0.8
110	9	55.19	0.0	55.7	-1.0	0.0	0.0	0.0
111	9	54.42	0.0	57.12	-1.0	0.0	0.0	0.0
112	9	56.45	0.0	56.35	-1.0	0.0	0.0	0.0
113	9	54.13	0.0	56.47	-1.0	0.0	0.0	0.0
114	9	55.77	0.0	56.26	-1.0	0.0	0.0	0.0
115	9	54.51	0.0	56.64	-1.0	0.0	0.0	0.0
116	9	56.08	0.0	56.73	-1.0	0.0	0.0	0.0
117	9	54.56	0.0	56.62	-1.0	0.0	0.0	0.0
118	9	56.64	0.0	54.98	-1.0	0.0	0.0	0.0
119	9	55.41	0.0	56.31	-1.0	0.0	0.0	0.0
120	9	56.75	0.0	56.06	-1.0	0.0	0.0	0.0
121	9	55.22	0.0	56.98	-1.0	0.0	0.0	0.0
122	9	56.5	0.0	56.25	-1.0	0.0	0.0	0.0
123	9	55.78	0.0	57.44	-1.0	0.0	0.0	0.0
124	9	55.86	0.0	67.92	-1.0	0.0	0.0	0.0
125	9	68.68	0.0	79.13	-1.0	0.0	-1.0	-1.0
126	9	78.01	0.0	76.77	-1.0	-0.3	-1.0	-1.0
127	9	81.66	1.16	78.61	-1.0	-0.9	-1.0	-1.0
128	9	85.25	1.43	79.79	-1.0	-0.5	-1.0	-1.0
129	9	87.2	1.81	77.65	-1.0	-0.8	-1.0	-1.0
130	9	90.49	2.71	60.2	-1.0	-0.5	-1.0	-1.0
131	9	89.36	4.34	66.99	-1.0	-1.0	-1.0	-1.0
132	9	93.39	5.07	60.35	-1.0	-0.5	-1.0	-1.0
133	9	92.65	8.53	55.56	-1.0	-1.0	-1.0	-0.8
134	9	98.63	11.27	58.94	-1.0	-0.2	-1.0	-1.0
135	9	94.33	23.61	52.08	-1.0	-0.3	-1.0	-1.0
136	9	96.79	77.75	56.06	-1.0	0.0	-1.0	-1.0
137	9	89.54	68.86	53.88	-1.0	0.0	-1.0	-1.0
138	9	92.39	71.95	32.99	-1.0	-0.2	-1.0	-1.0
139	9	90.88	68.96	18.97	-1.0	-0.1	-1.0	-1.0
140	9	93.9	62.64	25.2	-1.0	-0.5	-0.1	-0.3
141	9	87.91	51.89	15.4	-1.0	-0.3	0.0	0.0
142	9	89.76	63.11	27.42	-1.0	-0.4	0.0	0.0
143	9	87.27	52.87	-27.42	-1.0	-0.6	0.0	0.0
144	9	87.41	40.43	-20.71	-1.0	-0.7	1.0	0.0
145	9	86.33	70.2	-55.62	-1.0	-0.8	1.0	0.4
146	9	83.51	60.92	-19.15	-1.0	-1.0	1.0	1.0
147	9	83.75	41.5	-54.55	-1.0	-1.0	1.0	1.0
148	9	85.45	48.57	-17.06	-1.0	-1.0	1.0	1.0
149	9	84.31	39.1	12.72	-1.0	-0.7	0.9	0.9
150	9	85.85	55.34	11.81	-1.0	-0.4	-0.7	-0.6
151	9	82.79	81.14	24.07	-1.0	-0.6	-0.7	-0.3
152	9	84.16	49.11	4.36	-1.0	-0.7	-1.0	-1.0
153	9	84.27	30.75	26.69	-1.0	-0.1	-0.3	0.0
154	9	87.72	40.98	37.91	-1.0	0.0	-1.0	-1.0
155	9	84.16	61.61	7.9	-1.0	0.0	-1.0	-1.0
156	9	88.65	79.89	16.17	-1.0	0.0	-0.4	0.0
157	9	86.03	74.01	0.52	-1.0	0.0	-0.2	0.0
158	9	87.21	86.7	11.09	-1.0	0.0	0.0	0.2
159	9	86.2	103.35	-15.62	-1.0	0.0	0.0	-0.1
160	9	86.69	84.34	-3.07	-1.0	0.0	0.8	1.0
161	9	88.12	73.52	12.81	-1.0	0.0	0.2	0.5
162	9	87.33	62.75	46.53	-1.0	0.0	-0.7	-0.2
163	9	84.57	67.02	17.47	-1.0	0.0	-0.2	-1.0
164	9	86.02	59.61	-0.81	-1.0	0.0	0.0	-0.2
165	9	84.92	50.3	38.37	-1.0	0.0	0.1	0.4
166	9	85.54	54.23	51.99	-1.0	0.0	-0.1	-0.4
167	9	80.45	31.71	43.83	-1.0	0.0	0.0	0.0
168	9	82.43	24.25	50.04	-1.0	0.0	0.0	0.0
169	9	80.02	19.42	62.74	-1.0	0.0	0.0	0.0
170	9	81.17	17.49	64.26	-1.0	0.0	0.0	0.0
171	9	79.36	11.59	68.19	-1.0	0.0	0.0	0.0
172	9	79.38	10.9	59.15	-1.0	0.0	0.0	0.0
173	9	69.56	7.98	64.98	-1.0	0.0	0.0	0.0
174	9	69.0	2.56	54.45	-1.0	0.0	0.0	0.0
175	9	57.45	0.42	55.59	-1.0	0.0	0.0	0.0
176	9	57.66	0.0	54.8	-1.0	0.0	0.0	0.0
177	9	55.01	0.0	55.75	-1.0	0.0	0.0	0.0
178	9	56.22	0.0	55.5	-1.0	0.0	0.0	0.0
179	9	53.06	0.0	55.51	-1.0	0.0	0.0	0.0
180	9	55.61	0.0	55.18	-1.0	0.0	0.0	0.0
181	9	54.92	0.0	55.18	-1.0	0.0	0.0	0.0
182	9	54.42	0.0	55.04	-1.0	0.0	0.0	0.0
183	9	53.21	0.0	55.8	-1.0	0.0	0.0	0.0
184	9	54.19	0.0	51.97	-1.0	0.0	0.0	0.0
185	9	52.3	0.0	54.89	-1.0	0.0	0.0	0.0
186	9	54.33	0.0	53.92	-1.0	0.0	0.0	0.0
187	9	52.93	0.0	54.84	-1.0	0.0	0.0	0.0
188	9	54.63	0.0	53.22	-1.0	0.0	0.0	0.0
189	9	54.27	0.0	55.5	-1.0	1.0	1.0	1.0
190	9	55.2	0.0	55.1	-1.0	1.0	1.0	1.0
191	9	54.31	0.0	55.08	-1.0	1.0	1.0	1.0
192	9	55.43	0.0	54.19	-1.0	1.0	1.0	1.0
193	9	54.26	0.0	54.82	-1.0	1.0	1.0	1.0
194	9	54.58	0.0	53.32	-1.0	1.0	1.0	1.0
195	9	55.51	0.0	55.25	-1.0	1.0	1.0	1.0
196	9	54.4	0.0	54.24	-1.0	1.0	1.0	1.0
197	9	53.05	0.0	55.51	-1.0	1.0	1.0	1.0
198	9	54.62	0.0	54.98	-1.0	1.0	1.0	1.0
199	9	53.67	0.0	55.68	-1.0	1.0	1.0	1.0
200	9	54.63	0.0	54.82	-1.0	1.0	1.0	1.0
201	9	53.76	0.0	57.28	-1.0	1.0	1.0	1.0
202	9	55.55	0.0	55.99	-1.0	1.0	1.0	1.0
203	9	54.55	0.0	56.78	-1.0	1.0	1.0	1.0
204	9	56.01	0.0	58.02	-1.0	1.0	1.0	1.0
205	9	54.44	0.0	57.78	-1.0	0.7	0.7	0.7
206	9	55.9	0.0	57.53	-1.0	0.0	0.0	0.0
207	9	55.7	0.0	57.29	-1.0	0.0	0.0	0.0
208	9	57.12	0.0	55.95	-1.0	0.0	0.0	0.0
209	9	56.35	0.0	57.09	-1.0	0.0	0.0	0.0
210	9	56.47	0.0	55.39	-1.0	0.0	0.0	0.0
211	9	56.26	0.0	57.05	-1.0	0.0	0.0	0.0
212	9	56.64	0.0	53.62	-1.0	0.0	0.0	0.0
213	9	56.73	0.0	57.26	-1.0	0.0	0.0	0.0
214	9	56.62	0.0	55.17	-1.0	0.0	0.0	0.0
215	9	54.98	0.0	55.62	-1.0	0.0	0.0	0.0
216	9	56.31	0.0	55.08	-1.0	0.0	0.0	0.0
217	9	56.06	0.0	55.84	-1.0	0.0	0.0	0.0
218	9	56.98	0.0	55.0	-1.0	0.0	0.0	0.0
219	9	56.25	0.0	56.4	-1.0	0.0	0.0	0.0
220	9	57.44	0.0	67.18	-1.0	0.0	0.0	0.0
221	9	67.92	0.0	76.73	-1.0	0.0	-1.0	-1.0
222	9	79.13	0.0	75.95	-1.0	-0.3	-1.0	-1.0
223	9	77.75	0.98	75.34	-1.0	-0.8	-1.0	-1.0
224	9	82.02	3.41	71.14	-1.0	-0.8	-1.0	-1.0
225	9	83.43	3.64	67.74	-1.0	-1.0	-1.0	-1.0
226	9	87.93	10.29	65.9	-1.0	-0.1	-1.0	-1.0
227	9	90.27	30.07	65.15	-1.0	-1.0	-1.0	-1.0
228	9	94.99	28.0	56.74	-1.0	-0.5	-1.0	-1.0
229	9	91.91	31.56	41.71	-1.0	0.0	-1.0	-0.6
230	9	93.73	38.18	22.67	-1.0	0.0	-1.0	-1.0
231	9	91.64	32.7	9.86	-1.0	0.0	-1.0	-1.0
232	9	94.72	42.64	1.0	-1.0	0.0	-0.5	-1.0
233	9	91.39	35.33	27.45	-1.0	0.0	0.0	0.0
234	9	92.6	38.72	3.43	-1.0	0.0	-1.0	-1.0
235	9	89.89	56.9	12.53	-1.0	0.0	-0.1	-0.5
236	9	91.46	72.5	24.94	-1.0	-0.3	-0.6	-1.0
237	9	86.69	61.49	28.0	-1.0	-0.4	-1.0	-0.7
238	9	87.1	71.7	-9.96	-1.0	-0.8	-0.9	-0.3
239	9	85.51	58.09	3.3	-1.0	-1.0	0.6	0.0
240	9	85.04	112.46	30.57	-1.0	-1.0	-0.2	0.0
241	9	84.0	104.7	21.38	-1.0	-1.0	-0.3	0.0
242	9	84.39	140.01	3.32	-1.0	-1.0	0.0	0.0
243	9	82.95	102.1	-3.01	-1.0	-1.0	0.0	0.0
244	9	85.4	139.95	-13.17	-1.0	-1.0	0.1	0.2
245	9	84.31	101.36	-37.49	-1.0	-1.0	0.7	0.7
246	9	86.62	73.9	-55.31	-1.0	-0.9	1.0	1.0
247	9	85.57	73.75	-36.4	-1.0	-0.9	1.0	1.0
248	9	86.4	62.33	-21.61	-1.0	-0.3	1.0	1.0
249	9	83.39	79.03	-19.74	-1.0	0.0	1.0	1.0
250	9	86.82	60.13	-29.53	-1.0	0.0	1.0	0.9
251	9	85.36	47.45	2.51	-1.0	0.0	1.0	1.0
252	9	86.08	78.17	-29.36	-1.0	0.0	-0.1	0.0
253	9	82.88	66.71	-47.2	-1.0	0.0	1.0	1.0
254	9	86.38	85.86	-12.13	-1.0	0.0	1.0	1.0
255	9	82.14	71.05	-38.36	-1.0	0.0	0.6	0.7
256	9	87.78	103.4	-17.86	-1.0	0.0	1.0	1.0
257	9	85.7	88.77	-23.52	-1.0	0.0	0.9	0.9
258	9	86.56	73.75	-17.18	-1.0	0.0	1.0	0.7
259	9	85.92	39.39	3.26	-1.0	0.0	0.9	0.8
260	9	84.88	67.4	-1.68	-1.0	0.0	-0.2	0.0
261	9	85.01	85.82	12.73	-1.0	0.0	0.1	0.1
262	9	83.94	45.58	17.44	-1.0	0.0	-0.7	-0.4
263	9	81.58	29.6	31.02	-1.0	0.0	-0.9	-0.5
264	9	83.05	39.22	31.24	-1.0	0.0	-1.0	-1.0
265	9	81.46	31.43	45.41	-1.0	0.0	-1.0	-1.0
266	9	82.11	19.37	54.99	-1.0	0.0	-1.0	-1.0
267	9	79.51	15.24	59.17	-1.0	0.0	-1.0	-1.0
268	9	80.88	12.69	50.85	-1.0	0.0	-1.0	-1.0
269	9	68.71	9.56	60.14	-1.0	0.0	-1.0	-1.0
270	9	70.61	5.63	52.78	-1.0	0.0	-1.0	-1.0
271	9	56.77	2.31	56.09	-1.0	0.0	-1.0	-1.0
272	9	56.21	0.62	53.95	-1.0	0.0	-1.0	-1.0
273	9	54.8	0.0	54.6	-1.0	0.0	-1.0	-0.7
274	9	55.75	0.0	53.74	-1.0	0.0	-0.1	-0.6
275	9	55.5	0.0	54.5	-1.0	0.0	0.0	-0.5
276	9	55.51	0.0	53.66	-1.0	0.0	0.0	0.0
277	9	55.18	0.0	54.88	-1.0	0.0	0.0	0.0
278	9	55.18	0.0	53.52	-1.0	0.0	0.0	0.0
279	9	55.04	0.0	54.15	-1.0	0.0	0.0	0.0
280	9	55.8	0.0	53.53	-1.0	0.0	0.0	0.0
281	9	51.97	0.0	54.71	-1.0	0.0	0.0	0.0
282	9	54.89	0.0	52.65	-1.0	0.0	0.0	0.0
283	9	53.92	0.0	54.61	-1.0	0.0	0.0	0.0
284	9	54.84	0.0	54.78	-1.0	0.0	0.0	0.0
285	9	53.22	0.0	54.25	-1.0	1.0	1.0	1.0
286	9	55.5	0.0	53.21	-1.0	1.0	1.0	1.0
287	9	55.1	0.0	55.29	-1.0	1.0	1.0	1.0
288	9	55.08	0.0	52.97	-1.0	1.0	1.0	1.0
289	9	54.19	0.0	54.23	-1.0	1.0	1.0	1.0
290	9	54.82	0.0	53.67	-1.0	1.0	1.0	1.0
291	9	53.32	0.0	54.63	-1.0	1.0	1.0	1.0
292	9	55.25	0.0	53.23	-1.0	1.0	1.0	1.0
293	9	54.24	0.0	55.22	-1.0	1.0	1.0	1.0
294	9	55.51	0.0	54.66	-1.0	1.0	1.0	1.0
295	9	54.98	0.0	55.55	-1.0	1.0	1.0	1.0
296	9	55.68	0.0	54.61	-1.0	1.0	1.0	1.0
297	9	54.82	0.0	55.24	-1.0	1.0	1.0	1.0
298	9	57.28	0.0	53.95	-1.0	1.0	1.0	1.0
299	9	55.99	0.0	55.54	-1.0	1.0	1.0	1.0
300	9	56.78	0.0	55.01	-1.0	0.9	1.0	1.0
301	9	58.02	0.0	55.13	-1.0	0.9	0.7	0.7
302	9	57.78	0.0	54.14	-1.0	0.0	0.0	0.0
303	9	57.53	0.0	55.7	-1.0	0.0	0.0	0.0
304	9	57.29	0.0	55.85	-1.0	0.0	0.0	0.0
305	9	55.95	0.0	56.65	-1.0	0.0	0.0	0.0
306	9	57.09	0.0	54.83	-1.0	0.0	0.0	0.0
307	9	55.39	0.0	57.46	-1.0	0.0	0.0	0.0
308	9	57.05	0.0	55.02	-1.0	0.0	0.0	0.0
309	9	53.62	0.0	56.71	-1.0	0.0	0.0	0.0
310	9	57.26	0.0	54.87	-1.0	0.0	0.0	0.0
311	9	55.17	0.0	56.35	-1.0	0.0	0.0	0.0
312	9	55.62	0.0	54.6	-1.0	0.0	0.0	0.0
313	9	55.08	0.0	56.9	-1.0	0.0	0.0	0.0
314	9	55.84	0.0	55.23	-1.0	0.0	0.0	0.0
315	9	55.0	0.0	57.03	-1.0	0.0	0.0	0.0
316	9	56.4	0.0	69.05	-1.0	0.0	0.0	0.0
317	9	67.18	0.0	80.53	-1.0	0.0	-1.0	-1.0
318	9	79.21	2.49	81.09	-1.0	-0.3	-1.0	-1.0
319	9	82.08	6.13	80.52	-1.0	-0.9	-1.0	-1.0
320	9	86.52	11.18	79.06	-1.0	-0.9	-1.0	-1.0
321	9	87.65	16.51	79.8	-1.0	-0.9	-1.0	-1.0
322	9	89.21	21.47	83.18	-1.0	-0.1	-1.0	-1.0
323	9	89.69	23.79	69.84	-1.0	-1.0	-1.0	-1.0
324	9	94.11	28.96	56.4	-1.0	-0.5	-1.0	-1.0
325	9	92.58	35.84	69.21	-1.0	-1.0	-1.0	-0.6
326	9	90.69	48.98	63.04	-1.0	0.0	-1.0	-1.0
327	9	86.3	63.63	56.63	-1.0	0.0	-1.0	-1.0
328	9	88.23	78.37	61.14	-1.0	0.0	-1.0	-1.0
329	9	84.7	83.7	60.56	-1.0	0.0	-1.0	-1.0
330	9	87.37	59.91	48.96	-1.0	0.0	-1.0	-1.0
331	9	83.9	80.47	49.48	-1.0	0.0	-1.0	-1.0
332	9	86.36	73.83	63.87	-1.0	0.0	-0.1	-0.5
333	9	84.04	59.11	57.8	-1.0	-0.3	0.0	0.0
334	9	85.13	57.13	30.56	-1.0	-0.6	0.0	0.0
335	9	83.88	93.83	8.21	-1.0	-0.7	0.0	0.0
336	9	84.02	80.72	-10.41	-1.0	-1.0	0.0	0.0
337	9	83.63	53.07	-23.51	-1.0	-1.0	0.5	0.0
338	9	83.82	62.44	-28.49	-1.0	-1.0	1.0	0.2
339	9	80.34	77.02	-11.92	-1.0	-1.0	1.0	1.0
340	9	84.09	87.1	-4.15	-1.0	-1.0	0.6	0.7
341	9	80.6	93.77	-4.06	-1.0	-1.0	0.2	0.2
342	9	83.39	120.88	7.31	-1.0	-0.7	0.2	0.1
343	9	84.36	139.68	25.14	-1.0	-0.7	-0.4	-0.1
344	9	85.47	121.87	-31.47	-1.0	-0.5	-1.0	-1.0
345	9	82.61	104.22	-3.46	-1.0	0.0	1.0	1.0
346	9	86.27	106.01	-23.93	-1.0	0.0	0.2	0.2
347	9	84.42	113.96	-30.42	-1.0	0.0	1.0	1.0
348	9	86.61	84.1	-14.42	-1.0	0.0	1.0	1.0
349	9	85.63	114.98	-5.09	-1.0	0.0	0.7	0.8
350	9	86.51	133.71	7.71	-1.0	0.0	0.2	0.3
351	9	86.2	98.34	43.77	-1.0	0.0	-0.4	0.0
352	9	85.53	123.89	26.91	-1.0	0.0	-1.0	-1.0
353	9	85.92	103.78	38.67	-1.0	0.0	-1.0	-0.9
354	9	87.8	111.32	54.56	-1.0	0.0	-1.0	-1.0
355	9	83.16	100.34	56.2	-1.0	0.0	-1.0	-1.0
356	9	85.56	82.3	65.68	-1.0	0.0	-1.0	-0.8
357	9	83.07	84.75	62.75	-1.0	0.0	0.0	0.0
358	9	86.04	73.31	19.91	-1.0	0.0	0.0	0.0
359	9	81.53	64.08	49.56	-1.0	0.0	0.0	0.0
360	9	82.24	51.22	67.08	-1.0	0.0	0.0	0.0
361	9	79.12	47.88	74.91	-1.0	0.0	0.0	0.0
362	9	81.53	36.13	73.63	-1.0	0.0	0.0	0.0
363	9	79.78	24.79	69.36	-1.0	0.0	0.0	0.0
364	9	80.83	21.66	62.31	-1.0	0.0	0.0	0.0
365	9	65.38	14.53	65.07	-1.0	0.0	0.0	0.0
366	9	67.19	7.05	57.89	-1.0	0.0	0.0	0.0
367	9	55.31	2.53	59.09	-1.0	0.0	0.0	0.0
368	9	56.56	0.46	56.95	-1.0	0.0	0.0	0.0
369	9	53.95	0.0	57.78	-1.0	0.0	0.0	0.0
370	9	54.6	0.0	54.8	-1.0	0.0	0.0	0.0
371	9	53.74	0.0	55.7	-1.0	0.0	0.0	0.0
372	9	54.5	0.0	54.82	-1.0	0.0	0.0	0.0
373	9	53.66	0.0	54.64	-1.0	0.0	0.0	0.0
374	9	54.88	0.0	53.21	-1.0	0.0	0.0	0.0
375	9	53.52	0.0	54.73	-1.0	0.0	0.0	0.0
376	9	54.15	0.0	52.9	-1.0	0.0	0.0	0.0
377	9	53.53	0.0	54.48	-1.0	0.0	0.0	0.0
378	9	54.71	0.0	52.69	-1.0	0.0	0.0	0.0
379	9	52.65	0.0	54.5	-1.0	0.0	0.0	0.0
380	9	54.61	0.0	53.43	-1.0	0.0	0.0	0.0
381	9	54.78	0.0	54.92	-1.0	1.0	1.0	1.0
382	9	54.25	0.0	54.18	-1.0	1.0	1.0	1.0
383	9	53.21	0.0	54.94	-1.0	1.0	1.0	1.0
384	9	55.29	0.0	53.04	-1.0	1.0	1.0	1.0
385	9	52.97	0.0	54.76	-1.0	1.0	1.0	1.0
386	9	54.23	0.0	53.38	-1.0	1.0	1.0	1.0
387	9	53.67	0.0	54.72	-1.0	1.0	1.0	1.0
388	9	54.63	0.0	53.89	-1.0	1.0	1.0	1.0
389	9	53.23	0.0	55.37	-1.0	1.0	1.0	1.0
390	9	55.22	0.0	54.56	-1.0	1.0	1.0	1.0
391	9	54.66	0.0	54.7	-1.0	1.0	1.0	1.0
392	9	55.55	0.0	55.71	-1.0	1.0	1.0	1.0
393	9	54.61	0.0	55.13	-1.0	1.0	1.0	1.0
394	9	55.24	0.0	55.25	-1.0	1.0	1.0	1.0
395	9	53.95	0.0	55.72	-1.0	1.0	1.0	1.0
396	9	55.54	0.0	53.49	-1.0	1.0	1.0	1.0
397	9	55.01	0.0	55.44	-1.0	0.7	0.7	0.7
398	9	55.13	0.0	53.34	-1.0	0.0	0.0	0.0
399	9	54.14	0.0	54.97	-1.0	0.0	0.0	0.0
400	9	55.7	0.0	54.49	-1.0	0.0	0.0	0.0
401	9	55.85	0.0	56.46	-1.0	0.0	0.0	0.0
402	9	56.65	0.0	55.54	-1.0	0.0	0.0	0.0
403	9	54.83	0.0	57.03	-1.0	0.0	0.0	0.0
404	9	57.46	0.0	54.41	-1.0	0.0	0.0	0.0
405	9	55.02	0.0	56.84	-1.0	0.0	0.0	0.0
406	9	56.71	0.0	55.36	-1.0	0.0	0.0	0.0
407	9	54.87	0.0	56.61	-1.0	0.0	0.0	0.0
408	9	56.35	0.0	55.99	-1.0	0.0	0.0	0.0
409	9	54.6	0.0	56.68	-1.0	0.0	0.0	0.0
410	9	56.9	0.0	55.89	-1.0	0.0	0.0	0.0
411	9	55.23	0.0	55.75	-1.0	0.0	0.0	0.0
412	9	57.03	0.0	70.74	-1.0	0.0	0.0	0.0
413	9	69.05	0.0	77.92	-1.0	0.0	-1.0	-1.0
414	9	81.48	0.95	80.25	-1.0	-0.6	-1.0	-1.0
415	9	84.78	3.69	80.76	-1.0	-0.9	-1.0	-1.0
416	9	86.57	6.05	83.64	-1.0	-0.9	-1.0	-1.0
417	9	88.95	9.89	85.27	-1.0	-0.6	-1.0	-1.0
418	9	91.67	11.87	83.23	-1.0	0.0	-1.0	-1.0
419	9	92.33	9.15	84.37	-1.0	-1.0	-1.0	-1.0
420	9	93.68	23.84	83.07	-1.0	-0.5	-1.0	-1.0
421	9	84.47	28.07	87.78	-1.0	-1.0	-1.0	-1.0
422	9	88.34	19.13	86.37	-1.0	0.0	-1.0	-1.0
423	9	85.52	22.48	86.68	-1.0	-0.5	-1.0	-1.0
424	9	87.73	31.09	84.4	-1.0	0.0	-1.0	-1.0
425	9	84.09	22.95	86.31	-1.0	-0.1	-1.0	-1.0
426	9	86.58	26.02	84.0	-1.0	0.0	-1.0	-1.0
427	9	85.31	36.35	84.12	-1.0	-0.2	-1.0	-1.0
428	9	87.5	38.02	82.65	-1.0	-0.1	-0.1	-0.1
429	9	86.5	22.62	83.9	-1.0	-0.1	0.0	0.0
430	9	84.17	26.37	80.18	-1.0	-0.8	0.0	0.0
431	9	81.77	51.21	77.88	-1.0	-0.7	0.0	0.0
432	9	83.15	74.94	76.9	-1.0	-1.0	0.0	0.0
433	9	82.51	92.92	80.07	-1.0	-1.0	0.0	0.0
434	9	83.91	107.43	75.75	-1.0	-1.0	0.0	0.0
435	9	82.76	111.24	63.63	-1.0	-1.0	0.0	0.0
436	9	83.57	95.49	57.24	-1.0	-1.0	0.0	0.0
437	9	81.87	86.02	72.77	-1.0	-0.7	0.0	0.0
438	9	84.05	88.11	80.5	-1.0	-1.0	0.0	0.0
439	9	83.53	76.22	80.37	-1.0	-0.4	0.0	0.0
440	9	86.5	61.36	78.53	-1.0	0.0	0.0	0.0
441	9	84.41	115.88	81.39	-1.0	0.0	0.0	0.0
442	9	85.26	88.72	76.87	-1.0	0.0	0.0	0.0
443	9	85.25	109.18	70.13	-1.0	0.0	0.0	0.0
444	9	86.59	117.01	69.03	-1.0	0.0	0.0	0.0
445	9	83.04	97.46	78.11	-1.0	0.0	0.0	0.0
446	9	86.09	91.19	78.58	-1.0	0.0	0.0	0.0
447	9	85.04	77.33	79.56	-1.0	0.0	0.0	0.0
448	9	86.0	42.24	79.27	-1.0	0.0	0.0	0.0
449	9	86.61	59.7	74.97	-1.0	0.0	0.0	0.0
450	9	87.67	49.0	69.49	-1.0	0.0	0.0	0.0
451	9	84.23	29.68	44.38	-1.0	0.0	0.0	0.0
452	9	85.01	28.82	60.88	-1.0	0.0	0.0	0.0
453	9	85.85	20.17	74.16	-1.0	0.0	0.0	0.0
454	9	83.81	21.05	69.65	-1.0	0.0	0.0	0.0
455	9	80.09	60.18	72.16	-1.0	0.0	0.0	0.0
456	9	80.89	31.33	69.28	-1.0	0.0	0.0	0.0
457	9	79.68	12.6	70.44	-1.0	0.0	0.0	0.0
458	9	76.71	1.8	73.35	-1.0	0.0	0.0	0.0
459	9	77.04	3.41	74.06	-1.0	0.0	0.0	0.0
460	9	75.15	5.8	65.44	-1.0	0.0	0.0	0.0
461	9	66.54	4.23	64.87	-1.0	0.0	0.0	0.0
462	9	66.72	1.65	59.58	-1.0	0.0	0.0	0.0
463	9	58.15	0.27	59.06	-1.0	0.0	0.0	0.0
464	9	59.09	0.0	56.54	-1.0	0.0	0.0	0.0
465	9	56.95	0.0	56.34	-1.0	0.0	0.0	0.0
466	9	57.78	0.0	56.15	-1.0	0.0	0.0	0.0
467	9	54.8	0.0	58.25	-1.0	0.0	0.0	0.0
468	9	55.7	0.0	56.18	-1.0	0.0	0.0	0.0
469	9	54.82	0.0	57.02	-1.0	0.0	0.0	0.0
470	9	54.64	0.0	55.8	-1.0	0.0	0.0	0.0
471	9	53.21	0.0	56.2	-1.0	0.0	0.0	0.0
472	9	54.73	0.0	54.83	-1.0	0.0	0.0	0.0
473	9	52.9	0.0	56.29	-1.0	0.0	0.0	0.0
474	9	54.48	0.0	55.78	-1.0	0.0	0.0	0.0
475	9	52.69	0.0	56.54	-1.0	0.0	0.0	0.0
476	9	54.5	0.0	54.57	-1.0	0.0	0.0	0.0
477	9	53.43	0.0	56.21	-1.0	1.0	1.0	1.0
478	9	54.92	0.0	54.59	-1.0	1.0	1.0	1.0
479	9	54.18	0.0	56.33	-1.0	1.0	1.0	1.0
480	9	54.94	0.0	55.15	-1.0	1.0	1.0	1.0
481	9	53.04	0.0	56.83	-1.0	1.0	1.0	1.0
482	9	54.76	0.0	54.96	-1.0	1.0	1.0	1.0
483	9	53.38	0.0	56.16	-1.0	1.0	1.0	1.0
484	9	54.72	0.0	56.11	-1.0	1.0	1.0	1.0
485	9	53.89	0.0	56.23	-1.0	1.0	1.0	1.0
486	9	55.37	0.0	55.64	-1.0	1.0	1.0	1.0
487	9	54.56	0.0	56.33	-1.0	1.0	1.0	1.0
488	9	54.7	0.0	53.93	-1.0	1.0	1.0	1.0
489	9	55.71	0.0	57.03	-1.0	1.0	1.0	1.0
490	9	55.13	0.0	55.17	-1.0	1.0	1.0	1.0
491	9	55.25	0.0	56.82	-1.0	1.0	1.0	1.0
492	9	55.72	0.0	54.94	-1.0	1.0	1.0	1.0
493	9	53.49	0.0	56.27	-1.0	0.7	0.7	0.7
494	9	55.44	0.0	55.19	-1.0	0.0	0.0	0.0
495	9	53.34	0.0	56.5	-1.0	0.0	0.0	0.0
496	9	54.97	0.0	55.07	-1.0	0.0	0.0	0.0
497	9	54.49	0.0	55.93	-1.0	0.0	0.0	0.0
498	9	56.46	0.0	56.42	-1.0	0.0	0.0	0.0
499	9	55.54	0.0	55.81	-1.0	0.0	0.0	0.0
500	9	57.03	0.0	54.8	-1.0	0.0	0.0	0.0
501	9	54.41	0.0	55.96	-1.0	0.0	0.0	0.0
502	9	56.84	0.0	54.95	-1.0	0.0	0.0	0.0
503	9	55.36	0.0	55.71	-1.0	0.0	0.0	0.0
504	9	56.61	0.0	55.9	-1.0	0.0	0.0	0.0
505	9	55.99	0.0	55.91	-1.0	0.0	0.0	0.0
506	9	56.68	0.0	56.92	-1.0	0.0	0.0	0.0
507	9	55.89	0.0	55.95	-1.0	0.0	0.0	0.0
508	9	55.75	0.0	54.14	-1.0	0.0	0.0	0.0
509	9	70.74	0.0	56.38	-1.0	0.0	-1.0	-1.0
510	9	77.92	0.0	53.6	-1.0	0.0	-1.0	-1.0
511	9	80.25	0.0	51.96	-1.0	0.0	-1.0	-1.0
512	9	80.76	0.0	49.76	-1.0	0.0	-1.0	-1.0
513	9	83.72	0.08	49.43	-1.0	-0.4	-1.0	-1.0
514	9	85.42	0.15	49.77	-1.0	-0.2	-1.0	-1.0
515	9	83.23	0.0	51.76	-1.0	0.0	-1.0	-1.0
516	9	84.37	0.0	48.52	-1.0	0.0	-1.0	-1.0
517	9	83.07	0.0	45.46	-1.0	0.0	-1.0	-1.0
518	9	87.78	0.0	38.92	-1.0	-0.1	-1.0	-1.0
519	9	86.37	0.0	37.85	-1.0	0.0	-1.0	-1.0
520	9	86.68	0.0	31.95	-1.0	-0.2	-1.0	-1.0
521	9	84.4	0.0	35.64	-1.0	-0.5	-1.0	-1.0
522	9	86.85	0.54	27.67	-1.0	-0.4	-1.0	-1.0
523	9	85.04	1.04	30.21	-1.0	-0.4	-1.0	-1.0
524	9	84.69	0.57	26.71	-1.0	-0.7	-0.1	-0.1
525	9	82.95	0.3	25.48	-1.0	-1.0	0.0	0.0
526	9	84.16	0.27	15.22	-1.0	-1.0	0.0	0.0
527	9	81.95	1.76	7.4	-1.0	-1.0	0.0	0.0
528	9	83.52	5.64	8.91	-1.0	-1.0	0.0	0.0
529	9	80.47	3.57	14.53	-1.0	-1.0	0.0	0.0
530	9	82.91	2.84	6.37	-1.0	-1.0	0.0	0.0
531	9	81.14	5.39	20.97	-1.0	-1.0	0.0	0.1
532	9	83.62	19.99	15.1	-1.0	-1.0	0.0	-0.1
533	9	82.3	25.06	35.0	-1.0	-1.0	0.0	0.0
534	9	83.17	10.4	36.92	-1.0	-1.0	0.0	0.0
535	9	82.77	2.26	-14.97	-1.0	-0.9	0.0	0.0
536	9	83.07	2.69	-22.6	-1.0	-0.9	0.8	1.0
537	9	83.32	4.79	2.62	-1.0	-0.4	1.0	1.0
538	9	84.0	2.61	-21.68	-1.0	0.0	-0.2	0.0
539	9	84.24	7.37	-47.44	-1.0	0.0	1.0	0.9
540	9	84.96	14.83	-36.16	-1.0	0.0	1.0	1.0
541	9	84.93	15.9	-32.49	-1.0	0.0	1.0	1.0
542	9	86.79	8.68	8.84	-1.0	0.0	1.0	1.0
543	9	84.49	5.91	12.11	-1.0	0.0	-0.5	-0.1
544	9	86.17	6.61	29.29	-1.0	0.0	-0.6	-0.4
545	9	85.53	6.26	42.57	-1.0	0.0	-1.0	-1.0
546	9	86.67	11.7	44.43	-1.0	0.0	-1.0	-1.0
547	9	85.02	15.53	48.69	-1.0	0.0	-1.0	-1.0
548	9	83.25	38.86	48.65	-1.0	0.0	-0.9	-1.0
549	9	80.16	19.27	48.79	-1.0	0.0	0.0	-0.8
550	9	82.03	7.88	49.68	-1.0	0.0	0.0	0.0
551	9	78.97	9.32	49.23	-1.0	0.0	0.0	0.0
552	9	76.76	4.6	43.56	-1.0	0.0	0.0	0.0
553	9	77.67	8.39	44.61	-1.0	0.0	0.0	0.0
554	9	75.58	5.14	46.23	-1.0	0.0	0.0	0.0
555	9	74.19	0.84	49.43	-1.0	0.0	0.0	0.0
556	9	74.93	0.87	47.26	-1.0	0.0	0.0	0.0
557	9	65.55	0.11	48.65	-1.0	0.0	0.0	0.0
558	9	64.87	0.0	52.71	-1.0	0.0	0.0	0.0
559	9	59.58	0.0	54.57	-1.0	0.0	0.0	0.0
560	9	59.06	0.0	51.79	-1.0	0.0	0.0	0.0
561	9	56.54	0.0	54.4	-1.0	0.0	0.0	0.0
562	9	56.34	0.0	54.06	-1.0	0.0	0.0	0.0
563	9	56.15	0.0	54.19	-1.0	0.0	0.0	0.0
564	9	58.25	0.0	53.17	-1.0	0.0	0.0	0.0
565	9	56.18	0.0	54.36	-1.0	0.0	0.0	0.0
566	9	57.02	0.0	53.72	-1.0	0.0	0.0	0.0
567	9	55.8	0.0	54.25	-1.0	0.0	0.0	0.0
568	9	56.2	0.0	53.99	-1.0	0.0	0.0	0.0
569	9	54.83	0.0	54.69	-1.0	0.0	0.0	0.0
570	9	56.29	0.0	54.46	-1.0	0.0	0.0	0.0
571	9	55.78	0.0	55.99	-1.0	0.0	0.0	0.0
572	9	56.54	0.0	54.25	-1.0	0.0	0.0	0.0
573	9	54.57	0.0	56.52	-1.0	1.0	1.0	1.0
574	9	56.21	0.0	55.2	-1.0	1.0	1.0	1.0
575	9	54.59	0.0	56.86	-1.0	1.0	1.0	1.0
576	9	56.33	0.0	55.4	-1.0	1.0	1.0	1.0
577	9	55.15	0.0	56.64	-1.0	1.0	1.0	1.0
578	9	56.83	0.0	55.6	-1.0	1.0	1.0	1.0
579	9	54.96	0.0	56.63	-1.0	1.0	1.0	1.0
580	9	56.16	0.0	55.36	-1.0	1.0	1.0	1.0
581	9	56.11	0.0	55.84	-1.0	1.0	1.0	1.0
582	9	56.23	0.0	55.91	-1.0	1.0	1.0	1.0
583	9	55.64	0.0	56.31	-1.0	1.0	1.0	1.0
584	9	56.33	0.0	54.82	-1.0	1.0	1.0	1.0
585	9	53.93	0.0	56.51	-1.0	1.0	1.0	1.0
586	9	57.03	0.0	54.45	-1.0	1.0	1.0	1.0
587	9	55.17	0.0	56.34	-1.0	1.0	1.0	1.0
588	9	56.82	0.0	53.75	-1.0	1.0	1.0	1.0
589	9	54.94	0.0	55.95	-1.0	0.8	0.7	0.7
590	9	56.27	0.0	55.75	-1.0	0.0	0.0	0.0
591	9	55.19	0.0	55.9	-1.0	0.0	0.0	0.0
592	9	56.5	0.0	54.43	-1.0	0.0	0.0	0.0
593	9	55.07	0.0	56.08	-1.0	0.0	0.0	0.0
594	9	55.93	0.0	55.5	-1.0	0.0	0.0	0.0
595	9	56.42	0.0	56.0	-1.0	0.0	0.0	0.0
596	9	55.81	0.0	55.93	-1.0	0.0	0.0	0.0
597	9	54.8	0.0	55.85	-1.0	0.0	0.0	0.0
598	9	55.96	0.0	56.06	-1.0	0.0	0.0	0.0
599	9	54.95	0.0	55.36	-1.0	0.0	0.0	0.0
600	9	55.71	0.0	55.57	-1.0	0.0	0.0	0.0
601	9	55.9	0.0	55.87	-1.0	0.0	0.0	0.0
602	9	55.91	0.0	55.56	-1.0	0.0	0.0	0.0
603	9	56.92	0.0	56.06	-1.0	0.0	0.0	0.0
604	9	55.95	0.0	55.64	-1.0	0.0	0.0	0.0
605	9	54.14	0.0	56.58	-1.0	0.0	-1.0	-1.0
606	9	57.17	0.79	53.98	-1.0	0.0	-1.0	-1.0
607	9	55.82	2.22	54.25	-1.0	0.0	-1.0	-1.0
608	9	56.39	4.42	52.94	-1.0	0.0	-1.0	-1.0
609	9	55.59	5.83	49.6	-1.0	-0.4	-1.0	-1.0
610	9	56.04	6.62	43.86	-1.0	-0.2	-1.0	-1.0
611	9	55.08	5.31	36.22	-1.0	0.0	-1.0	-1.0
612	9	56.06	4.31	17.96	-1.0	0.0	-1.0	-1.0
613	9	53.92	5.39	1.5	-1.0	0.0	-0.9	-1.0
614	9	54.83	9.37	-2.43	-1.0	0.0	0.0	-0.5
615	9	52.37	13.45	31.84	-1.0	0.0	0.2	-0.8
616	9	54.07	16.23	23.91	-1.0	0.0	-1.0	-1.0
617	9	52.88	20.93	22.32	-1.0	-0.2	-1.0	-1.0
618	9	55.02	19.38	20.38	-1.0	0.0	-1.0	-1.0
619	9	53.69	26.02	21.26	-1.0	0.0	-1.0	-1.0
620	9	54.09	23.88	29.91	-1.0	0.0	-1.0	-0.8
621	9	53.42	26.71	56.03	-1.0	-0.1	-1.0	0.0
622	9	54.44	28.96	18.48	-1.0	-0.3	-0.4	0.0
623	9	53.37	38.15	23.49	-1.0	-0.6	0.0	0.0
624	9	54.31	46.91	35.5	-1.0	-1.0	0.0	0.0
625	9	53.16	44.25	39.98	-1.0	-1.0	0.0	0.0
626	9	53.96	39.43	25.87	-1.0	-1.0	0.0	0.0
627	9	53.95	47.58	13.06	-1.0	-1.0	0.0	0.0
628	9	54.65	33.69	-23.33	-1.0	-1.0	0.0	0.0
629	9	53.19	38.1	-44.33	-1.0	-1.0	1.0	1.0
630	9	54.38	19.38	4.86	-1.0	-1.0	1.0	1.0
631	9	53.9	16.97	12.22	-1.0	-1.0	-0.3	0.0
632	9	54.57	69.53	-24.71	-1.0	-0.8	-0.7	-0.3
633	9	52.55	75.15	-10.85	-1.0	-0.1	1.0	1.0
634	9	53.91	51.29	-21.21	-1.0	-0.1	0.5	0.7
635	9	51.93	73.61	-32.92	-1.0	0.0	1.0	0.8
636	9	53.93	101.36	-14.64	-1.0	-0.4	1.0	1.0
637	9	53.07	89.23	20.0	-1.0	0.0	0.7	0.6
638	9	53.32	85.81	18.94	-1.0	0.0	-1.0	-0.7
639	9	53.28	44.44	-18.11	-1.0	0.0	-1.0	-0.5
640	9	53.15	41.04	6.04	-1.0	-0.4	0.9	0.8
641	9	52.25	22.96	-33.44	-1.0	0.0	-0.3	0.0
642	9	53.44	10.88	0.37	-1.0	-0.1	1.0	1.0
643	9	52.31	7.89	14.32	-1.0	-0.2	0.0	0.3
644	9	53.6	4.9	-14.98	-1.0	-0.7	-0.7	-0.3
645	9	52.43	3.78	6.55	-1.0	-0.4	0.8	0.8
646	9	53.5	4.71	12.89	-1.0	-0.5	-0.3	-0.1
647	9	52.7	3.03	25.64	-1.0	-0.3	-0.7	-0.2
648	9	53.41	4.18	32.91	-1.0	-0.3	-1.0	-0.8
649	9	53.39	9.83	26.32	-1.0	-0.2	-1.0	-0.9
650	9	53.29	8.68	33.87	-1.0	-0.3	-1.0	-0.6
651	9	53.17	6.94	39.68	-1.0	-0.3	0.0	-1.0
652	9	53.91	4.48	46.26	-1.0	0.0	0.0	-0.2
653	9	52.0	4.74	51.3	-1.0	-0.2	0.0	-1.0
654	9	53.92	5.27	54.35	-1.0	0.0	0.0	-0.7
655	9	53.95	1.24	55.51	-1.0	0.0	0.0	-0.6
656	9	54.67	0.1	54.35	-1.0	0.0	0.0	-0.2
657	9	51.79	0.0	56.47	-1.0	0.0	0.0	0.0
658	9	54.4	0.0	54.73	-1.0	0.0	0.0	0.0
659	9	54.06	0.0	56.05	-1.0	0.0	0.0	0.0
660	9	54.19	0.0	54.61	-1.0	0.0	0.0	0.0
661	9	53.17	0.0	55.46	-1.0	0.0	0.0	0.0
662	9	54.36	0.0	55.91	-1.0	0.0	0.0	0.0
663	9	53.72	0.0	56.39	-1.0	0.0	0.0	0.0
664	9	54.25	0.0	53.91	-1.0	0.0	0.0	0.0
665	9	53.99	0.0	56.13	-1.0	0.0	0.0	0.0
666	9	54.69	0.0	55.73	-1.0	0.0	0.0	0.0
667	9	54.46	0.0	56.14	-1.0	0.0	0.0	0.0
668	9	55.99	0.0	55.38	-1.0	0.0	0.0	0.0
669	9	54.25	0.0	56.82	-1.0	1.0	1.0	1.0
670	9	56.52	0.0	55.76	-1.0	1.0	1.0	1.0
671	9	55.2	0.0	56.41	-1.0	1.0	1.0	1.0
672	9	56.86	0.0	56.41	-1.0	1.0	1.0	1.0
1	11	58.13	0.0	57.99	-1.0	1.0	1.0	1.0
2	11	58.09	0.0	56.99	-1.0	1.0	1.0	1.0
3	11	57.28	0.0	57.86	-1.0	1.0	1.0	1.0
4	11	57.68	0.0	56.15	-1.0	1.0	1.0	1.0
5	11	55.94	0.0	57.12	-1.0	1.0	1.0	1.0
6	11	57.36	0.0	56.95	-1.0	1.0	1.0	1.0
7	11	56.68	0.0	57.81	-1.0	1.0	1.0	1.0
8	11	57.99	0.0	55.22	-1.0	1.0	1.0	1.0
9	11	55.91	0.0	57.82	-1.0	1.0	1.0	1.0
10	11	57.67	0.0	56.4	-1.0	1.0	1.0	1.0
11	11	56.74	0.0	58.05	-1.0	1.0	1.0	1.0
12	11	58.05	0.0	56.39	-1.0	1.0	1.0	1.0
13	11	56.32	0.0	57.54	-1.0	0.7	0.7	0.7
14	11	57.35	0.0	56.79	-1.0	0.0	0.0	0.0
15	11	56.71	0.0	57.55	-1.0	0.0	0.0	0.0
16	11	58.61	0.0	56.71	-1.0	0.0	0.0	0.0
17	11	56.57	0.0	57.74	-1.0	0.0	0.0	0.0
18	11	58.78	0.0	56.1	-1.0	0.0	0.0	0.0
19	11	57.62	0.0	56.91	-1.0	0.0	0.0	0.0
20	11	58.79	0.0	55.35	-1.0	0.0	0.0	0.0
21	11	56.37	0.0	56.29	-1.0	0.0	0.0	0.0
22	11	58.65	0.0	55.76	-1.0	0.0	0.0	0.0
23	11	57.34	0.0	56.61	-1.0	0.0	0.0	0.0
24	11	59.14	0.0	55.03	-1.0	0.0	0.0	0.0
25	11	56.76	0.0	57.39	-1.0	0.0	0.0	0.0
26	11	58.46	0.0	54.95	-1.0	0.0	0.0	0.0
27	11	57.82	0.0	56.86	-1.0	0.0	0.0	0.0
28	11	59.26	0.0	65.39	-1.0	0.0	0.0	0.0
29	11	57.0	0.7	66.9	-1.0	0.0	-1.0	-1.0
30	11	58.54	2.79	63.53	-1.0	-0.1	-1.0	-1.0
31	11	57.95	5.22	63.19	-1.0	-0.5	-1.0	-1.0
32	11	58.85	8.87	61.65	-1.0	-0.8	-1.0	-1.0
33	11	57.46	12.22	60.09	-1.0	-0.6	-1.0	-1.0
34	11	58.68	15.85	51.5	-1.0	-0.2	-1.0	-1.0
35	11	58.34	21.75	51.05	-1.0	-0.1	-1.0	-1.0
36	11	58.7	27.33	31.51	-1.0	0.0	-1.0	-1.0
37	11	58.17	30.81	18.09	-1.0	0.0	-1.0	0.0
38	11	58.64	53.69	12.32	-1.0	0.0	-0.9	-0.8
39	11	56.99	46.25	4.02	-1.0	0.0	-0.6	-1.0
40	11	58.21	46.92	-4.13	-1.0	0.3	-0.2	-1.0
41	11	56.88	47.87	-14.5	-1.0	0.7	0.3	0.0
42	11	57.63	48.27	-29.79	-1.0	0.9	0.8	-0.3
43	11	56.83	52.31	-34.6	-1.0	0.6	1.0	0.4
44	11	57.95	61.69	-42.01	-1.0	0.0	1.0	0.1
45	11	55.57	65.22	-44.86	-1.0	0.0	1.0	1.0
46	11	57.34	75.43	-50.55	-1.0	-0.3	1.0	0.7
47	11	56.81	95.06	-52.27	-1.0	-0.3	1.0	1.0
48	11	58.18	51.61	-57.88	-1.0	-0.9	1.0	0.7
49	11	55.29	76.8	-59.21	-1.0	-1.0	1.0	1.0
50	11	58.67	94.22	-62.17	-1.0	-1.0	1.0	1.0
51	11	55.9	82.67	-59.76	-1.0	-1.0	1.0	1.0
52	11	58.31	98.84	-63.76	-1.0	-1.0	1.0	1.0
53	11	55.54	81.64	-62.13	-1.0	-0.9	0.8	1.0
54	11	57.96	70.62	-53.08	-1.0	-0.9	0.0	1.0
55	11	56.54	83.46	-51.59	-1.0	-0.4	0.0	1.0
56	11	58.49	75.34	-48.33	-1.0	-1.0	0.0	1.0
57	11	55.36	82.17	-48.05	-1.0	-0.5	0.0	0.4
58	11	57.9	104.02	-47.29	-1.0	-0.8	0.0	0.0
59	11	57.2	91.01	-42.72	-1.0	-0.5	0.0	0.0
60	11	58.2	65.55	-41.4	-1.0	0.0	0.0	0.0
61	11	56.04	78.01	-34.9	-1.0	-0.1	0.0	0.0
62	11	58.05	88.9	-35.44	-1.0	0.0	0.0	0.0
63	11	56.83	88.39	-26.06	-1.0	0.0	0.0	0.0
64	11	58.34	72.92	-20.44	-1.0	0.0	0.0	0.0
65	11	56.53	86.92	-9.94	-1.0	0.1	0.0	0.0
66	11	57.64	85.41	-7.79	-1.0	0.0	0.0	0.0
67	11	57.49	75.26	0.08	-1.0	0.0	0.0	0.0
68	11	57.69	57.44	4.19	-1.0	0.0	0.0	0.0
69	11	57.19	57.61	14.25	-1.0	-0.1	-0.2	-0.1
70	11	57.71	51.32	20.37	-1.0	-0.4	-0.8	-0.6
71	11	56.31	37.16	28.56	-1.0	-0.6	-1.0	-0.7
72	11	57.69	33.5	35.02	-1.0	-1.0	-1.0	-1.0
73	11	57.19	20.88	44.6	-1.0	-1.0	-1.0	-1.0
74	11	57.64	9.15	48.69	-1.0	-1.0	-1.0	-1.0
75	11	56.89	8.2	60.75	-1.0	-0.5	-1.0	-1.0
76	11	58.07	2.99	53.95	-1.0	0.0	-1.0	-1.0
77	11	56.85	2.62	60.74	-1.0	0.0	-1.0	-1.0
78	11	58.35	1.15	59.75	-1.0	0.0	-1.0	-1.0
79	11	56.9	0.09	61.01	-1.0	0.0	-1.0	-1.0
80	11	58.57	0.0	61.47	-1.0	0.0	-1.0	-1.0
81	11	56.56	0.0	61.6	-1.0	0.0	-1.0	-1.0
82	11	58.15	0.0	57.23	-1.0	0.0	-1.0	-1.0
83	11	57.56	0.0	57.97	-1.0	0.0	-1.0	-0.7
84	11	58.35	0.0	55.71	-1.0	0.0	-1.0	-1.0
85	11	56.28	0.0	56.81	-1.0	0.0	-0.1	-0.2
86	11	57.94	0.0	55.53	-1.0	0.0	0.0	-0.8
87	11	57.26	0.0	56.98	-1.0	0.0	0.0	0.0
88	11	57.95	0.0	54.82	-1.0	0.0	0.0	0.0
89	11	55.63	0.0	56.21	-1.0	0.0	0.0	0.0
90	11	59.18	0.0	55.88	-1.0	0.0	0.0	0.0
91	11	57.62	0.0	57.26	-1.0	0.0	0.0	0.0
92	11	58.91	0.0	53.63	-1.0	0.0	0.0	0.0
93	11	56.96	0.0	57.71	-1.0	1.0	1.0	1.0
94	11	58.61	0.0	55.9	-1.0	1.0	1.0	1.0
95	11	57.91	0.0	56.83	-1.0	1.0	1.0	1.0
96	11	58.51	0.0	55.73	-1.0	1.0	1.0	1.0
97	11	57.5	0.0	57.19	-1.0	1.0	1.0	1.0
98	11	57.99	0.0	56.0	-1.0	1.0	1.0	1.0
99	11	56.99	0.0	56.54	-1.0	1.0	1.0	1.0
100	11	57.86	0.0	54.99	-1.0	1.0	1.0	1.0
101	11	56.15	0.0	56.19	-1.0	1.0	1.0	1.0
102	11	57.12	0.0	55.48	-1.0	1.0	1.0	1.0
103	11	56.95	0.0	56.36	-1.0	1.0	1.0	1.0
104	11	57.81	0.0	55.73	-1.0	1.0	1.0	1.0
105	11	55.22	0.0	56.2	-1.0	1.0	1.0	1.0
106	11	57.82	0.0	55.15	-1.0	1.0	1.0	1.0
107	11	56.4	0.0	56.18	-1.0	1.0	1.0	1.0
108	11	58.05	0.0	54.56	-1.0	1.0	1.0	1.0
109	11	56.39	0.0	56.48	-1.0	0.8	0.7	0.8
110	11	57.54	0.0	55.0	-1.0	0.0	0.0	0.0
111	11	56.79	0.0	56.34	-1.0	0.0	0.0	0.0
112	11	57.55	0.0	54.58	-1.0	0.0	0.0	0.0
113	11	56.71	0.0	55.98	-1.0	0.0	0.0	0.0
114	11	57.74	0.0	55.76	-1.0	0.0	0.0	0.0
115	11	56.1	0.0	56.33	-1.0	0.0	0.0	0.0
116	11	56.91	0.0	54.64	-1.0	0.0	0.0	0.0
117	11	55.35	0.0	56.13	-1.0	0.0	0.0	0.0
118	11	56.29	0.0	56.67	-1.0	0.0	0.0	0.0
119	11	55.76	0.0	56.29	-1.0	0.0	0.0	0.0
120	11	56.61	0.0	55.75	-1.0	0.0	0.0	0.0
121	11	55.03	0.0	56.71	-1.0	0.0	0.0	0.0
122	11	57.39	0.0	56.5	-1.0	0.0	0.0	0.0
123	11	54.95	0.0	57.84	-1.0	0.0	0.0	0.0
124	11	56.86	0.0	67.42	-1.0	0.0	0.0	0.0
125	11	65.39	0.0	73.02	-1.0	0.0	-1.0	-1.0
126	11	71.55	4.65	69.31	-1.0	-0.1	-1.0	-1.0
127	11	71.9	8.37	67.91	-1.0	-0.4	-1.0	-1.0
128	11	76.5	13.31	62.19	-1.0	-0.5	-1.0	-1.0
129	11	78.63	16.98	57.94	-1.0	-0.4	-1.0	-1.0
130	11	83.21	23.11	50.24	-1.0	0.0	-1.0	-1.0
131	11	85.78	34.28	43.59	-1.0	-0.1	-1.0	-1.0
132	11	89.9	38.85	31.89	-1.0	0.0	-1.0	-1.0
133	11	88.0	56.48	24.05	-1.0	0.0	-1.0	0.0
134	11	87.79	69.7	16.02	-1.0	0.0	-1.0	-1.0
135	11	90.33	78.01	10.32	-1.0	0.0	-0.8	-1.0
136	11	90.58	86.56	0.05	-1.0	0.5	-0.5	-1.0
137	11	89.3	93.43	-1.8	-1.0	1.0	0.0	0.0
138	11	85.26	99.76	-12.27	-1.0	0.2	0.1	-0.7
139	11	75.98	105.78	-14.77	-1.0	0.0	0.7	0.0
140	11	76.04	110.63	-24.47	-1.0	0.0	0.8	-0.4
141	11	73.89	115.89	-24.43	-1.0	0.0	1.0	0.9
142	11	75.25	120.11	-33.75	-1.0	-0.2	1.0	0.0
143	11	72.69	123.25	-34.47	-1.0	-0.6	1.0	0.9
144	11	74.33	126.6	-42.64	-1.0	-1.0	1.0	0.1
145	11	72.13	130.01	-41.45	-1.0	-1.0	1.0	1.0
146	11	73.96	133.17	-42.57	-1.0	-1.0	1.0	0.6
147	11	72.05	134.22	-43.96	-1.0	-1.0	1.0	1.0
148	11	75.36	135.11	-45.03	-1.0	-1.0	1.0	1.0
149	11	73.41	137.17	-43.22	-1.0	-1.0	1.0	1.0
150	11	74.75	136.88	-42.39	-1.0	-0.9	1.0	1.0
151	11	82.8	135.88	-38.53	-1.0	-0.8	0.9	1.0
152	11	85.28	136.87	-37.32	-1.0	-1.0	0.0	1.0
153	11	87.13	135.47	-36.0	-1.0	-0.9	0.0	1.0
154	11	85.9	133.95	-33.12	-1.0	-0.4	0.0	0.6
155	11	85.32	132.61	-31.26	-1.0	-0.2	0.0	0.9
156	11	87.81	130.53	-30.04	-1.0	-0.1	0.0	0.2
157	11	84.85	126.25	-21.98	-1.0	0.0	0.0	0.3
158	11	87.4	122.3	-20.32	-1.0	0.0	0.0	0.6
159	11	83.53	118.98	-12.95	-1.0	0.0	0.0	0.3
160	11	87.48	113.54	-10.73	-1.0	0.0	0.0	0.0
161	11	88.16	108.61	-0.13	-1.0	0.0	0.0	0.0
162	11	92.92	102.86	-5.85	-1.0	0.3	0.0	-0.2
163	11	88.41	96.21	2.56	-1.0	0.1	0.0	0.2
164	11	89.77	89.69	9.72	-1.0	-0.3	-0.1	-0.1
165	11	86.93	82.74	19.94	-1.0	-0.4	-0.5	-0.3
166	11	88.82	74.57	26.9	-1.0	-0.4	-1.0	-0.8
167	11	87.11	66.73	35.8	-1.0	-0.7	-1.0	-1.0
168	11	86.67	58.11	41.26	-1.0	-0.9	-1.0	-1.0
169	11	84.28	49.26	47.83	-1.0	-1.0	-1.0	-1.0
170	11	84.44	39.84	53.75	-1.0	-0.7	-1.0	-1.0
171	11	79.46	30.77	62.61	-1.0	0.0	-1.0	-1.0
172	11	82.97	22.21	58.97	-1.0	0.0	-1.0	-1.0
173	11	68.34	14.38	64.08	-1.0	0.0	-1.0	-1.0
174	11	68.91	8.17	53.64	-1.0	0.0	-1.0	-1.0
175	11	63.6	3.85	56.8	-1.0	0.0	-1.0	-1.0
176	11	62.43	1.42	56.77	-1.0	0.0	-1.0	-1.0
177	11	61.78	0.31	57.87	-1.0	0.0	-1.0	-1.0
178	11	61.6	0.0	56.79	-1.0	0.0	-1.0	-0.9
179	11	57.23	0.0	58.19	-1.0	0.0	-1.0	-0.7
180	11	57.97	0.0	57.07	-1.0	0.0	-0.5	-1.0
181	11	55.71	0.0	56.36	-1.0	0.0	0.0	-0.2
182	11	56.81	0.0	55.37	-1.0	0.0	0.0	-0.1
183	11	55.53	0.0	57.01	-1.0	0.0	0.0	0.0
184	11	56.98	0.0	54.99	-1.0	0.0	0.0	0.0
185	11	54.82	0.0	56.82	-1.0	0.0	0.0	0.0
186	11	56.21	0.0	55.93	-1.0	0.0	0.0	0.0
187	11	55.88	0.0	57.41	-1.0	0.0	0.0	0.0
188	11	57.26	0.0	55.41	-1.0	0.0	0.0	0.0
189	11	53.63	0.0	56.57	-1.0	1.0	1.0	1.0
190	11	57.71	0.0	56.33	-1.0	1.0	1.0	1.0
191	11	55.9	0.0	57.32	-1.0	1.0	1.0	1.0
192	11	56.83	0.0	55.39	-1.0	1.0	1.0	1.0
193	11	55.73	0.0	56.63	-1.0	1.0	1.0	1.0
194	11	57.19	0.0	55.07	-1.0	1.0	1.0	1.0
195	11	56.0	0.0	56.61	-1.0	1.0	1.0	1.0
196	11	56.54	0.0	55.97	-1.0	1.0	1.0	1.0
197	11	54.99	0.0	56.7	-1.0	1.0	1.0	1.0
198	11	56.19	0.0	56.1	-1.0	1.0	1.0	1.0
199	11	55.48	0.0	56.9	-1.0	1.0	1.0	1.0
200	11	56.36	0.0	55.57	-1.0	1.0	1.0	1.0
201	11	55.73	0.0	56.4	-1.0	1.0	1.0	1.0
202	11	56.2	0.0	54.84	-1.0	1.0	1.0	1.0
203	11	55.15	0.0	56.49	-1.0	1.0	1.0	1.0
204	11	56.18	0.0	54.69	-1.0	1.0	1.0	1.0
205	11	54.56	0.0	56.6	-1.0	0.7	0.8	0.7
206	11	56.48	0.0	54.53	-1.0	0.0	0.0	0.0
207	11	55.0	0.0	57.74	-1.0	0.0	0.0	0.0
208	11	56.34	0.0	55.24	-1.0	0.0	0.0	0.0
209	11	54.58	0.0	56.75	-1.0	0.0	0.0	0.0
210	11	55.98	0.0	55.21	-1.0	0.0	0.0	0.0
211	11	55.76	0.0	56.82	-1.0	0.0	0.0	0.0
212	11	56.33	0.0	55.34	-1.0	0.0	0.0	0.0
213	11	54.64	0.0	56.38	-1.0	0.0	0.0	0.0
214	11	56.13	0.0	53.89	-1.0	0.0	0.0	0.0
215	11	56.67	0.0	56.09	-1.0	0.0	0.0	0.0
216	11	56.29	0.0	54.35	-1.0	0.0	0.0	0.0
217	11	55.75	0.0	55.62	-1.0	0.0	0.0	0.0
218	11	56.71	0.0	55.31	-1.0	0.0	0.0	0.0
219	11	56.5	0.0	58.06	-1.0	0.0	0.0	0.0
220	11	57.84	0.0	71.03	-1.0	0.0	0.0	0.0
221	11	69.25	1.83	75.57	-1.0	0.0	-1.0	-1.0
222	11	78.46	5.44	76.81	-1.0	-0.1	-1.0	-1.0
223	11	80.08	10.76	76.97	-1.0	-0.8	-1.0	-1.0
224	11	85.48	17.58	75.4	-1.0	-0.9	-1.0	-1.0
225	11	87.68	25.49	81.83	-1.0	-1.0	-1.0	-1.0
226	11	91.63	33.69	85.16	-1.0	-0.2	-1.0	-1.0
227	11	92.75	42.51	90.25	-1.0	-1.0	-1.0	-1.0
228	11	95.33	51.75	89.14	-1.0	-0.5	-1.0	-1.0
229	11	92.62	60.74	91.01	-1.0	-0.9	-1.0	-1.0
230	11	93.34	69.29	85.65	-1.0	0.0	-1.0	-1.0
231	11	93.35	77.33	88.63	-1.0	-0.3	-1.0	-1.0
232	11	95.39	85.07	87.26	-1.0	-0.2	-1.0	-1.0
233	11	92.18	92.14	71.08	-1.0	0.0	-1.0	-1.0
234	11	96.81	98.61	59.98	-1.0	0.0	-1.0	-1.0
235	11	92.3	104.57	49.35	-1.0	0.0	-1.0	-1.0
236	11	95.04	109.81	43.41	-1.0	0.0	-0.1	-0.1
237	11	90.36	114.83	10.77	-1.0	-0.1	0.0	0.0
238	11	93.41	117.84	11.01	-1.0	-0.4	0.0	0.0
239	11	87.58	121.33	51.88	-1.0	-0.8	0.0	0.0
240	11	90.6	125.07	56.26	-1.0	-0.9	0.0	0.0
241	11	85.17	127.81	48.07	-1.0	-1.0	0.0	0.0
242	11	88.05	129.5	67.17	-1.0	-1.0	0.0	0.0
243	11	88.13	130.71	61.0	-1.0	-1.0	0.0	0.0
244	11	87.53	131.49	49.68	-1.0	-1.0	0.0	0.0
245	11	87.91	132.93	55.42	-1.0	-1.0	0.0	0.0
246	11	89.89	133.11	42.49	-1.0	-0.7	0.0	0.0
247	11	90.48	132.88	33.73	-1.0	-0.7	0.0	0.0
248	11	93.87	132.39	33.73	-1.0	-0.4	0.0	0.0
249	11	94.5	131.82	10.9	-1.0	-0.2	0.0	0.0
250	11	94.3	130.3	42.98	-1.0	0.0	0.0	0.0
251	11	94.78	127.9	20.54	-1.0	0.0	0.0	0.0
252	11	94.79	126.05	56.5	-1.0	0.0	0.0	0.0
253	11	93.03	123.07	64.79	-1.0	0.0	0.0	0.0
254	11	96.05	118.02	59.22	-1.0	0.0	0.0	0.0
255	11	93.87	114.19	62.68	-1.0	0.0	0.0	0.0
256	11	97.21	110.16	78.87	-1.0	0.0	0.0	0.0
257	11	94.86	105.59	87.09	-1.0	0.0	0.0	0.0
258	11	99.83	99.96	86.16	-1.0	0.0	0.0	0.0
259	11	87.93	93.78	87.44	-1.0	0.0	0.0	0.0
260	11	89.54	86.98	85.2	-1.0	0.0	0.0	0.0
261	11	89.94	80.22	84.43	-1.0	0.0	0.0	0.0
262	11	92.53	72.59	69.84	-1.0	0.0	0.0	0.0
263	11	91.31	64.41	73.19	-1.0	0.0	0.0	0.0
264	11	91.59	55.79	73.76	-1.0	0.0	0.0	0.0
265	11	88.04	46.78	77.11	-1.0	0.0	0.0	0.0
266	11	85.04	37.21	79.39	-1.0	0.0	0.0	0.0
267	11	81.85	28.09	78.58	-1.0	0.0	0.0	0.0
268	11	83.63	21.02	67.35	-1.0	0.0	0.0	0.0
269	11	72.77	13.8	68.71	-1.0	0.0	0.0	0.0
270	11	72.28	8.2	56.22	-1.0	0.0	0.0	0.0
271	11	57.91	4.27	57.63	-1.0	0.0	0.0	0.0
272	11	58.54	1.74	54.7	-1.0	0.0	0.0	0.0
273	11	57.15	0.38	56.22	-1.0	0.0	0.0	0.0
274	11	57.87	0.0	54.76	-1.0	0.0	0.0	0.0
275	11	56.79	0.0	56.73	-1.0	0.0	0.0	0.0
276	11	58.19	0.0	54.83	-1.0	0.0	0.0	0.0
277	11	57.07	0.0	55.07	-1.0	0.0	0.0	0.0
278	11	56.36	0.0	55.09	-1.0	0.0	0.0	0.0
279	11	55.37	0.0	55.02	-1.0	0.0	0.0	0.0
280	11	57.01	0.0	52.9	-1.0	0.0	0.0	0.0
281	11	54.99	0.0	55.74	-1.0	0.0	0.0	0.0
282	11	56.82	0.0	54.02	-1.0	0.0	0.0	0.0
283	11	55.93	0.0	55.01	-1.0	0.0	0.0	0.0
284	11	57.41	0.0	54.47	-1.0	0.0	0.0	0.0
285	11	55.41	0.0	56.67	-1.0	1.0	1.0	1.0
286	11	56.57	0.0	56.79	-1.0	1.0	1.0	1.0
287	11	56.33	0.0	57.68	-1.0	1.0	1.0	1.0
288	11	57.32	0.0	55.58	-1.0	1.0	1.0	1.0
289	11	55.39	0.0	56.75	-1.0	1.0	1.0	1.0
290	11	56.63	0.0	55.44	-1.0	1.0	1.0	1.0
291	11	55.07	0.0	56.62	-1.0	1.0	1.0	1.0
292	11	56.61	0.0	54.44	-1.0	1.0	1.0	1.0
293	11	55.97	0.0	56.21	-1.0	1.0	1.0	1.0
294	11	56.7	0.0	55.47	-1.0	1.0	1.0	1.0
295	11	56.1	0.0	57.04	-1.0	1.0	1.0	1.0
296	11	56.9	0.0	54.58	-1.0	1.0	1.0	1.0
297	11	55.57	0.0	57.06	-1.0	1.0	1.0	1.0
298	11	56.4	0.0	54.52	-1.0	1.0	1.0	1.0
299	11	54.84	0.0	56.67	-1.0	1.0	1.0	1.0
300	11	56.49	0.0	54.95	-1.0	1.0	1.0	1.0
301	11	54.69	0.0	56.87	-1.0	0.8	0.7	0.8
302	11	56.6	0.0	54.79	-1.0	0.0	0.0	0.0
303	11	54.53	0.0	56.74	-1.0	0.0	0.0	0.0
304	11	57.74	0.0	55.42	-1.0	0.0	0.0	0.0
305	11	55.24	0.0	56.34	-1.0	0.0	0.0	0.0
306	11	56.75	0.0	55.39	-1.0	0.0	0.0	0.0
307	11	55.21	0.0	56.76	-1.0	0.0	0.0	0.0
308	11	56.82	0.0	54.54	-1.0	0.0	0.0	0.0
309	11	55.34	0.0	56.26	-1.0	0.0	0.0	0.0
310	11	56.38	0.0	54.98	-1.0	0.0	0.0	0.0
311	11	53.89	0.0	55.97	-1.0	0.0	0.0	0.0
312	11	56.09	0.0	55.19	-1.0	0.0	0.0	0.0
313	11	54.35	0.0	56.37	-1.0	0.0	0.0	0.0
314	11	55.62	0.0	53.81	-1.0	0.0	0.0	0.0
315	11	55.31	0.0	56.64	-1.0	0.0	0.0	0.0
316	11	58.06	0.0	64.49	-1.0	0.0	0.0	0.0
317	11	71.03	0.0	76.76	-1.0	0.0	-1.0	-1.0
318	11	75.85	0.28	75.76	-1.0	-0.2	-1.0	-1.0
319	11	79.88	3.08	78.32	-1.0	-0.6	-1.0	-1.0
320	11	85.22	8.25	79.0	-1.0	-0.7	-1.0	-1.0
321	11	84.69	9.29	73.21	-1.0	-0.9	-1.0	-1.0
322	11	88.49	6.66	74.68	-1.0	-0.7	-1.0	-1.0
323	11	88.75	3.6	66.5	-1.0	-1.0	-1.0	-1.0
324	11	94.53	4.28	74.69	-1.0	-0.5	-1.0	-1.0
325	11	94.22	5.09	80.08	-1.0	-1.0	-1.0	-1.0
326	11	97.18	6.17	73.84	-1.0	0.0	-1.0	-1.0
327	11	95.45	9.8	69.62	-1.0	-0.5	-1.0	-1.0
328	11	97.8	9.16	63.59	-1.0	-0.1	-1.0	-1.0
329	11	97.02	9.77	65.28	-1.0	0.0	-1.0	-1.0
330	11	93.81	22.73	57.26	-1.0	0.0	-1.0	-1.0
331	11	87.64	27.65	44.69	-1.0	-0.1	-1.0	-1.0
332	11	92.56	43.21	34.2	-1.0	0.0	-0.1	-0.1
333	11	86.41	43.0	26.21	-1.0	-0.3	0.0	0.0
334	11	91.45	80.68	-7.45	-1.0	-0.7	0.0	0.0
335	11	88.23	77.22	-13.2	-1.0	-0.9	0.4	0.0
336	11	89.19	37.32	-17.17	-1.0	-1.0	0.7	0.0
337	11	85.23	28.97	-8.72	-1.0	-1.0	0.9	0.3
338	11	85.9	37.83	-17.34	-1.0	-1.0	0.4	-0.3
339	11	85.98	18.81	-3.37	-1.0	-1.0	0.9	0.9
340	11	87.2	26.2	-30.79	-1.0	-1.0	0.1	0.2
341	11	85.15	35.47	-40.34	-1.0	-0.9	1.0	1.0
342	11	85.66	30.25	-64.75	-1.0	-0.8	1.0	1.0
343	11	84.44	41.95	-62.87	-1.0	0.0	1.0	1.0
344	11	86.53	52.8	-61.57	-1.0	-0.2	1.0	1.0
345	11	85.34	51.61	-56.36	-1.0	0.0	1.0	1.0
346	11	86.26	75.36	-54.28	-1.0	0.0	1.0	1.0
347	11	82.91	39.93	-39.89	-1.0	0.0	1.0	1.0
348	11	86.0	65.46	-43.6	-1.0	0.0	1.0	1.0
349	11	83.96	27.46	-13.11	-1.0	0.0	1.0	1.0
350	11	86.96	22.17	12.99	-1.0	0.0	0.7	0.6
351	11	85.93	26.71	-12.32	-1.0	0.0	-0.7	-0.4
352	11	86.04	23.36	-11.49	-1.0	0.0	0.6	0.6
353	11	88.62	9.75	-14.55	-1.0	0.0	0.6	0.6
354	11	88.81	1.72	-4.81	-1.0	0.0	0.7	0.4
355	11	86.16	0.0	10.11	-1.0	0.0	0.2	0.3
356	11	87.62	0.17	0.27	-1.0	0.0	-0.5	-0.3
357	11	85.56	0.36	9.44	-1.0	0.0	0.0	0.1
358	11	86.83	2.4	13.2	-1.0	0.0	-0.5	-0.2
359	11	82.51	12.67	23.36	-1.0	0.0	-0.7	-0.3
360	11	85.47	12.28	28.65	-1.0	0.0	-1.0	-0.8
361	11	82.11	8.34	39.49	-1.0	0.0	-1.0	-1.0
362	11	81.33	4.21	44.98	-1.0	0.0	-1.0	-1.0
363	11	79.88	0.49	55.76	-1.0	0.0	-1.0	-1.0
364	11	78.99	0.41	53.16	-1.0	0.0	-1.0	-1.0
365	11	67.51	0.16	59.05	-1.0	0.0	-1.0	-1.0
366	11	68.71	0.0	50.81	-1.0	0.0	-1.0	-1.0
367	11	56.22	0.0	54.11	-1.0	0.0	-1.0	-1.0
368	11	57.63	0.0	53.55	-1.0	0.0	-1.0	-1.0
369	11	54.7	0.0	55.57	-1.0	0.0	-1.0	-0.7
370	11	56.22	0.0	54.38	-1.0	0.0	-1.0	-0.7
371	11	54.76	0.0	55.75	-1.0	0.0	-0.3	-0.1
372	11	56.73	0.0	54.54	-1.0	0.0	0.0	0.0
373	11	54.83	0.0	54.78	-1.0	0.0	0.0	0.0
374	11	55.07	0.0	53.65	-1.0	0.0	0.0	0.0
375	11	55.09	0.0	53.72	-1.0	0.0	0.0	0.0
376	11	55.02	0.0	52.3	-1.0	0.0	0.0	0.0
377	11	52.9	0.0	54.16	-1.0	0.0	0.0	0.0
378	11	55.74	0.0	53.01	-1.0	0.0	0.0	0.0
379	11	54.02	0.0	54.04	-1.0	0.0	0.0	0.0
380	11	55.01	0.0	53.2	-1.0	0.0	0.0	0.0
381	11	54.47	0.0	53.53	-1.0	1.0	1.0	1.0
382	11	56.67	0.0	52.94	-1.0	1.0	1.0	1.0
383	11	56.79	0.0	53.96	-1.0	1.0	1.0	1.0
384	11	57.68	0.0	53.01	-1.0	1.0	1.0	1.0
385	11	55.58	0.0	53.86	-1.0	1.0	1.0	1.0
386	11	56.75	0.0	53.33	-1.0	1.0	1.0	1.0
387	11	55.44	0.0	54.49	-1.0	1.0	1.0	1.0
388	11	56.62	0.0	53.52	-1.0	1.0	1.0	1.0
389	11	54.44	0.0	54.37	-1.0	1.0	1.0	1.0
390	11	56.21	0.0	52.79	-1.0	1.0	1.0	1.0
391	11	55.47	0.0	54.68	-1.0	1.0	1.0	1.0
392	11	57.04	0.0	53.68	-1.0	1.0	1.0	1.0
393	11	54.58	0.0	54.89	-1.0	1.0	1.0	1.0
394	11	57.06	0.0	54.01	-1.0	1.0	1.0	1.0
395	11	54.52	0.0	54.9	-1.0	1.0	1.0	1.0
396	11	56.67	0.0	54.5	-1.0	1.0	1.0	1.0
397	11	54.95	0.0	54.65	-1.0	0.7	0.7	0.8
398	11	56.87	0.0	54.8	-1.0	0.0	0.0	0.0
399	11	54.79	0.0	54.95	-1.0	0.0	0.0	0.0
400	11	56.74	0.0	54.96	-1.0	0.0	0.0	0.0
401	11	55.42	0.0	56.6	-1.0	0.0	0.0	0.0
402	11	56.34	0.0	54.47	-1.0	0.0	0.0	0.0
403	11	55.39	0.0	56.74	-1.0	0.0	0.0	0.0
404	11	56.76	0.0	55.33	-1.0	0.0	0.0	0.0
405	11	54.54	0.0	56.21	-1.0	0.0	0.0	0.0
406	11	56.26	0.0	55.09	-1.0	0.0	0.0	0.0
407	11	54.98	0.0	56.92	-1.0	0.0	0.0	0.0
408	11	55.97	0.0	54.45	-1.0	0.0	0.0	0.0
409	11	55.19	0.0	56.58	-1.0	0.0	0.0	0.0
410	11	56.37	0.0	55.39	-1.0	0.0	0.0	0.0
411	11	53.81	0.0	56.35	-1.0	0.0	0.0	0.0
412	11	56.64	0.0	53.64	-1.0	0.0	0.0	0.0
413	11	64.49	0.0	51.08	-1.0	0.0	-1.0	-1.0
414	11	76.76	0.0	43.46	-1.0	0.0	-1.0	-1.0
415	11	76.7	0.93	38.78	-1.0	0.0	-1.0	-1.0
416	11	80.46	2.14	29.17	-1.0	0.0	-1.0	-1.0
417	11	83.21	4.2	21.39	-1.0	0.0	-1.0	-1.0
418	11	86.29	13.07	10.98	-1.0	0.0	-1.0	-1.0
419	11	87.85	13.17	3.59	-1.0	0.0	-0.5	-0.5
420	11	91.62	25.13	-8.07	-1.0	0.0	-0.1	-0.8
421	11	86.31	11.62	-15.08	-1.0	0.0	0.5	0.0
422	11	89.78	9.7	-25.57	-1.0	0.0	0.8	0.0
423	11	88.57	14.73	-31.78	-1.0	0.0	1.0	-0.7
424	11	89.5	19.88	-40.43	-1.0	0.0	1.0	0.0
425	11	85.51	21.92	-46.63	-1.0	0.0	1.0	1.0
426	11	87.25	21.97	-53.73	-1.0	0.0	1.0	0.6
427	11	83.99	26.73	-58.17	-1.0	0.0	1.0	1.0
428	11	77.78	33.1	-64.04	-1.0	0.0	1.0	0.8
429	11	73.84	39.63	-67.57	-1.0	0.0	0.0	1.0
430	11	76.37	50.16	-72.74	-1.0	0.0	0.0	1.0
431	11	73.85	81.3	-73.84	-1.0	0.0	0.0	1.0
432	11	74.75	87.94	-78.34	-1.0	-0.6	0.0	1.0
433	11	74.0	91.17	-79.46	-1.0	-0.5	0.0	1.0
434	11	74.49	83.21	-82.32	-1.0	-0.9	0.0	0.4
435	11	72.45	89.79	-81.3	-1.0	-0.4	0.0	0.0
436	11	74.23	77.61	-85.39	-1.0	-0.9	0.0	0.0
437	11	73.17	103.96	-83.41	-1.0	-0.8	0.0	0.0
438	11	75.1	115.44	-83.94	-1.0	-0.5	0.0	0.0
439	11	74.61	139.36	-82.71	-1.0	-0.7	0.0	0.0
440	11	75.17	138.04	-81.85	-1.0	-0.7	0.0	0.0
441	11	73.66	135.23	-80.14	-1.0	-0.6	0.0	0.0
442	11	74.89	131.26	-79.25	-1.0	-1.0	0.0	0.0
443	11	73.69	127.97	-72.41	-1.0	-0.7	0.0	0.0
444	11	74.56	114.44	-59.31	-1.0	-0.7	0.0	0.0
445	11	73.99	117.59	-56.12	-1.0	-0.3	0.0	0.0
446	11	78.47	91.58	-66.44	-1.0	-0.1	0.0	0.0
447	11	83.32	70.33	-55.58	-1.0	0.0	0.0	0.0
448	11	88.91	101.22	-53.64	-1.0	0.0	0.0	0.0
449	11	85.07	96.56	-46.83	-1.0	0.0	0.0	0.0
450	11	87.25	101.8	-41.54	-1.0	0.0	0.0	0.0
451	11	84.18	88.99	-32.48	-1.0	0.3	0.0	0.0
452	11	84.67	74.56	-26.78	-1.0	0.0	0.0	0.0
453	11	80.81	80.54	-17.29	-1.0	0.0	0.0	0.0
454	11	81.13	71.69	-11.6	-1.0	-0.7	0.0	0.0
455	11	77.5	64.3	0.34	-1.0	-1.0	0.0	0.0
456	11	79.83	56.47	7.11	-1.0	-1.0	0.0	0.0
457	11	76.57	47.92	35.38	-1.0	-1.0	-0.4	-0.2
458	11	78.05	38.56	37.45	-1.0	-1.0	-1.0	-1.0
459	11	74.75	29.78	38.59	-1.0	-1.0	-1.0	-1.0
460	11	77.75	21.98	44.47	-1.0	-0.3	-1.0	-1.0
461	11	66.39	13.24	43.53	-1.0	0.0	-1.0	-1.0
462	11	65.49	6.44	49.25	-1.0	0.0	-1.0	-1.0
463	11	55.49	4.68	55.1	-1.0	0.0	-1.0	-1.0
464	11	55.97	1.86	55.26	-1.0	0.0	-1.0	-1.0
465	11	54.01	0.46	56.77	-1.0	0.0	-1.0	-1.0
466	11	55.57	0.0	55.52	-1.0	0.0	-1.0	-1.0
467	11	54.38	0.0	56.36	-1.0	0.0	-1.0	-1.0
468	11	55.75	0.0	55.42	-1.0	0.0	-1.0	-1.0
469	11	54.54	0.0	55.81	-1.0	0.0	-1.0	-1.0
470	11	54.78	0.0	54.94	-1.0	0.0	-1.0	-1.0
471	11	53.65	0.0	56.37	-1.0	0.0	-1.0	-1.0
472	11	53.72	0.0	55.78	-1.0	0.0	-0.7	-0.9
473	11	52.3	0.0	56.39	-1.0	0.0	0.0	0.0
474	11	54.16	0.0	55.91	-1.0	0.0	0.0	0.0
475	11	53.01	0.0	57.16	-1.0	0.0	0.0	0.0
476	11	54.04	0.0	54.02	-1.0	0.0	0.0	0.0
477	11	53.2	0.0	56.53	-1.0	1.0	1.0	1.0
478	11	53.53	0.0	54.65	-1.0	1.0	1.0	1.0
479	11	52.94	0.0	56.74	-1.0	1.0	1.0	1.0
480	11	53.96	0.0	54.72	-1.0	1.0	1.0	1.0
481	11	53.01	0.0	55.93	-1.0	1.0	1.0	1.0
482	11	53.86	0.0	56.54	-1.0	1.0	1.0	1.0
483	11	53.33	0.0	56.38	-1.0	1.0	1.0	1.0
484	11	54.49	0.0	54.29	-1.0	1.0	1.0	1.0
485	11	53.52	0.0	55.95	-1.0	1.0	1.0	1.0
486	11	54.37	0.0	56.29	-1.0	1.0	1.0	1.0
487	11	52.79	0.0	57.16	-1.0	1.0	1.0	1.0
488	11	54.68	0.0	54.84	-1.0	1.0	1.0	1.0
489	11	53.68	0.0	56.19	-1.0	1.0	1.0	1.0
490	11	54.89	0.0	55.28	-1.0	1.0	1.0	1.0
491	11	54.01	0.0	57.79	-1.0	1.0	1.0	1.0
492	11	54.9	0.0	54.93	-1.0	1.0	1.0	1.0
493	11	54.5	0.0	56.25	-1.0	0.8	0.8	0.8
494	11	54.65	0.0	55.01	-1.0	0.0	0.0	0.0
495	11	54.8	0.0	56.77	-1.0	0.0	0.0	0.0
496	11	54.95	0.0	55.33	-1.0	0.0	0.0	0.0
497	11	54.96	0.0	56.62	-1.0	0.0	0.0	0.0
498	11	56.6	0.0	56.73	-1.0	0.0	0.0	0.0
499	11	54.47	0.0	56.62	-1.0	0.0	0.0	0.0
500	11	56.74	0.0	54.27	-1.0	0.0	0.0	0.0
501	11	55.33	0.0	56.85	-1.0	0.0	0.0	0.0
502	11	56.21	0.0	54.77	-1.0	0.0	0.0	0.0
503	11	55.09	0.0	56.83	-1.0	0.0	0.0	0.0
504	11	56.92	0.0	55.68	-1.0	0.0	0.0	0.0
505	11	54.45	0.0	56.28	-1.0	0.0	0.0	0.0
506	11	56.58	0.0	56.18	-1.0	0.0	0.0	0.0
507	11	55.39	0.0	56.68	-1.0	0.0	0.0	0.0
508	11	56.67	0.32	55.16	-1.0	0.0	0.0	0.0
509	11	55.84	2.2	56.48	-1.0	0.0	-1.0	-1.0
510	11	56.93	5.86	55.6	-1.0	0.0	-1.0	-1.0
511	11	54.94	11.49	55.98	-1.0	0.0	-1.0	-1.0
512	11	57.44	18.66	54.29	-1.0	0.0	-1.0	-1.0
513	11	55.83	26.66	53.76	-1.0	-0.2	-1.0	-1.0
514	11	56.6	35.21	51.45	-1.0	0.0	-1.0	-1.0
515	11	55.38	44.4	47.19	-1.0	0.0	-1.0	-1.0
516	11	57.34	53.75	44.26	-1.0	0.0	-1.0	-1.0
517	11	55.06	63.13	40.05	-1.0	0.0	-1.0	-1.0
518	11	56.83	71.92	29.08	-1.0	0.0	-1.0	-1.0
519	11	55.02	80.59	-11.23	-1.0	0.0	-1.0	-1.0
520	11	56.85	88.62	-26.97	-1.0	0.0	0.6	0.0
521	11	55.89	96.32	-10.62	-1.0	0.0	1.0	0.9
522	11	56.65	103.28	-34.92	-1.0	0.0	0.6	-0.1
523	11	55.73	109.46	17.32	-1.0	0.0	1.0	0.3
524	11	56.91	115.09	-19.6	-1.0	0.0	-0.9	-1.0
525	11	56.23	120.27	-29.92	-1.0	-0.1	1.0	0.2
526	11	56.86	124.42	-20.87	-1.0	-0.3	1.0	0.5
527	11	55.26	128.0	-33.39	-1.0	-0.6	1.0	0.2
528	11	57.18	131.02	-83.33	-1.0	-1.0	1.0	0.0
529	11	55.44	133.78	-38.78	-1.0	-1.0	1.0	1.0
530	11	56.57	136.03	-79.81	-1.0	-1.0	1.0	1.0
531	11	55.59	137.91	-0.64	-1.0	-1.0	1.0	1.0
532	11	57.98	139.29	9.83	-1.0	-1.0	0.0	0.6
533	11	54.88	140.27	-46.32	-1.0	-1.0	-0.6	-0.3
534	11	56.5	139.91	-38.7	-1.0	-1.0	1.0	1.0
535	11	55.73	139.67	-42.65	-1.0	-1.0	1.0	1.0
536	11	56.74	139.46	-49.0	-1.0	-1.0	1.0	1.0
537	11	56.38	138.24	-31.9	-1.0	-0.3	0.6	1.0
538	11	56.91	137.05	-3.39	-1.0	-0.2	0.0	1.0
539	11	56.09	135.33	-26.76	-1.0	-0.2	0.0	0.0
540	11	57.06	129.47	-5.5	-1.0	-0.2	0.0	0.6
541	11	54.8	114.11	-19.44	-1.0	-0.3	0.0	0.0
542	11	56.27	112.39	-2.11	-1.0	-0.1	0.0	0.6
543	11	54.27	120.71	7.07	-1.0	-0.2	0.0	0.2
544	11	56.73	112.3	15.34	-1.0	-0.4	-0.4	-0.3
545	11	55.21	108.85	-0.53	-1.0	-0.1	-0.8	-0.5
546	11	56.08	102.91	0.15	-1.0	0.0	0.0	0.1
547	11	54.59	96.13	15.14	-1.0	0.0	0.0	0.1
548	11	56.31	88.79	19.74	-1.0	0.0	-0.8	-0.6
549	11	54.57	81.36	11.45	-1.0	0.0	-1.0	-0.7
550	11	56.29	73.58	11.24	-1.0	0.0	-0.6	-0.4
551	11	53.81	65.41	10.1	-1.0	-0.1	-0.6	-0.2
552	11	57.28	56.94	13.42	-1.0	-0.3	-0.5	-0.4
553	11	54.33	47.22	14.97	-1.0	-0.4	-0.7	-0.3
554	11	56.56	21.18	29.9	-1.0	-0.5	-0.8	-0.4
555	11	55.39	17.94	38.62	-1.0	-0.3	-1.0	-1.0
556	11	55.68	17.08	41.25	-1.0	-0.4	-1.0	-1.0
557	11	56.01	11.54	48.42	-1.0	-0.9	-1.0	-1.0
558	11	55.89	12.36	48.83	-1.0	0.0	-1.0	-1.0
559	11	55.32	6.06	51.21	-1.0	0.0	-1.0	-1.0
560	11	56.72	1.62	52.94	-1.0	0.0	-1.0	-0.7
561	11	55.54	0.28	54.11	-1.0	0.0	-1.0	-0.7
562	11	56.77	0.0	52.34	-1.0	0.0	-1.0	-1.0
563	11	55.52	0.0	54.69	-1.0	0.0	-0.9	-0.7
564	11	56.36	0.0	52.18	-1.0	0.0	0.0	-1.0
565	11	55.42	0.0	53.8	-1.0	0.0	0.0	0.0
566	11	55.81	0.0	53.02	-1.0	0.0	0.0	0.0
567	11	54.94	0.0	54.48	-1.0	0.0	0.0	-0.9
568	11	56.37	0.0	52.71	-1.0	0.0	0.0	0.0
569	11	55.78	0.0	54.33	-1.0	0.0	0.0	0.0
570	11	56.39	0.0	52.95	-1.0	0.0	0.0	0.0
571	11	55.91	0.0	54.48	-1.0	0.0	0.0	0.0
572	11	57.16	0.0	52.79	-1.0	0.0	0.0	0.0
573	11	54.02	0.0	55.23	-1.0	1.0	1.0	1.0
574	11	56.53	0.0	53.17	-1.0	1.0	1.0	1.0
575	11	54.65	0.0	55.19	-1.0	1.0	1.0	1.0
576	11	56.74	0.0	54.2	-1.0	1.0	1.0	1.0
577	11	54.72	0.0	55.37	-1.0	1.0	1.0	1.0
578	11	55.93	0.0	53.82	-1.0	1.0	1.0	1.0
579	11	56.54	0.0	54.53	-1.0	1.0	1.0	1.0
580	11	56.38	0.0	53.25	-1.0	1.0	1.0	1.0
581	11	54.29	0.0	55.67	-1.0	1.0	1.0	1.0
582	11	55.95	0.0	54.44	-1.0	1.0	1.0	1.0
583	11	56.29	0.0	54.78	-1.0	1.0	1.0	1.0
584	11	57.16	0.0	54.9	-1.0	1.0	1.0	1.0
585	11	54.84	0.0	55.09	-1.0	1.0	1.0	1.0
586	11	56.19	0.0	54.07	-1.0	1.0	1.0	1.0
587	11	55.28	0.0	55.29	-1.0	1.0	1.0	1.0
588	11	57.79	0.0	53.69	-1.0	1.0	1.0	1.0
589	11	54.93	0.0	54.94	-1.0	0.7	0.7	0.7
590	11	56.25	0.0	54.07	-1.0	0.0	0.0	0.0
591	11	55.01	0.0	55.63	-1.0	0.0	0.0	0.0
592	11	56.77	0.0	53.64	-1.0	0.0	0.0	0.0
593	11	55.33	0.0	55.06	-1.0	0.0	0.0	0.0
594	11	56.62	0.0	53.66	-1.0	0.0	0.0	0.0
595	11	56.73	0.0	55.1	-1.0	0.0	0.0	0.0
596	11	56.62	0.0	54.48	-1.0	0.0	0.0	0.0
597	11	54.27	0.0	55.13	-1.0	0.0	0.0	0.0
598	11	56.85	0.0	53.68	-1.0	0.0	0.0	0.0
599	11	54.77	0.0	55.04	-1.0	0.0	0.0	0.0
600	11	56.83	0.0	53.21	-1.0	0.0	0.0	0.0
601	11	55.68	0.0	55.96	-1.0	0.0	0.0	0.0
602	11	56.28	0.0	54.59	-1.0	0.0	0.0	0.0
603	11	56.18	0.0	54.75	-1.0	0.0	0.0	0.0
604	11	56.68	0.0	52.82	-1.0	0.0	0.0	0.0
605	11	55.16	0.0	47.9	-1.0	0.0	-1.0	-1.0
606	11	56.48	0.0	40.73	-1.0	0.0	-1.0	-1.0
607	11	55.6	0.0	34.05	-1.0	0.0	-1.0	-1.0
608	11	55.98	0.0	24.64	-1.0	0.0	-1.0	-1.0
609	11	54.65	0.36	16.79	-1.0	0.0	-1.0	-1.0
610	11	55.42	1.66	5.24	-1.0	0.0	-0.8	-1.0
611	11	54.15	2.7	-1.15	-1.0	0.0	-0.2	-0.7
612	11	55.31	8.12	-11.81	-1.0	0.0	0.1	-0.3
613	11	53.72	9.46	-19.3	-1.0	0.0	0.7	0.0
614	11	55.23	15.18	-28.77	-1.0	0.0	1.0	0.0
615	11	54.54	25.46	-35.19	-1.0	0.0	1.0	0.0
616	11	55.03	66.26	-43.18	-1.0	0.0	1.0	0.5
617	11	54.62	81.59	-49.09	-1.0	0.0	1.0	1.0
618	11	54.39	65.0	-56.05	-1.0	0.0	1.0	1.0
619	11	54.56	89.48	-60.03	-1.0	0.0	0.9	1.0
620	11	53.72	36.41	-66.01	-1.0	0.0	0.0	0.8
621	11	53.12	72.73	-69.88	-1.0	0.0	0.0	1.0
622	11	53.79	83.7	-74.87	-1.0	0.0	0.0	1.0
623	11	53.05	73.93	-77.7	-1.0	0.0	0.0	1.0
624	11	53.58	86.97	-80.96	-1.0	0.0	0.0	0.5
625	11	52.43	135.76	-81.44	-1.0	-0.1	0.0	0.0
626	11	53.5	92.28	-83.69	-1.0	0.0	0.0	0.0
627	11	52.02	131.82	-85.42	-1.0	0.0	0.0	0.0
628	11	53.8	54.44	-87.46	-1.0	0.0	0.0	0.0
629	11	53.29	43.46	-87.04	-1.0	0.0	0.0	0.0
630	11	53.87	100.19	-88.42	-1.0	0.0	0.0	0.0
631	11	52.84	91.55	-86.19	-1.0	0.0	0.0	0.0
632	11	53.11	95.75	-86.68	-1.0	-0.9	0.0	0.0
633	11	52.51	101.5	-83.29	-1.0	-0.6	0.0	0.0
634	11	53.87	85.76	-82.2	-1.0	-0.7	0.0	0.0
635	11	52.86	56.24	-78.55	-1.0	-0.5	0.0	0.0
636	11	53.03	79.79	-77.92	-1.0	-0.1	0.0	0.0
637	11	50.4	55.91	-72.82	-1.0	0.0	0.0	0.0
638	11	53.5	72.93	-68.89	-1.0	0.0	0.0	0.0
639	11	51.57	53.68	-63.77	-1.0	0.0	0.0	0.0
640	11	53.71	46.64	-57.55	-1.0	0.0	0.0	0.0
641	11	52.38	37.05	-52.29	-1.0	0.0	0.0	0.0
642	11	53.39	53.92	-46.78	-1.0	0.0	0.0	0.0
643	11	53.05	52.9	-38.05	-1.0	0.0	0.0	0.0
644	11	54.22	39.08	-33.19	-1.0	0.0	0.0	0.0
645	11	53.0	33.25	-23.22	-1.0	0.0	0.0	0.0
646	11	53.24	41.78	-16.14	-1.0	0.0	0.0	0.0
647	11	52.32	41.08	-6.42	-1.0	0.1	0.0	0.0
648	11	53.51	43.41	2.5	-1.0	0.0	0.0	0.0
649	11	52.65	39.23	12.71	-1.0	-0.5	-0.1	0.0
650	11	54.45	39.47	21.24	-1.0	-0.6	-0.7	-0.4
651	11	52.67	22.77	31.37	-1.0	-0.6	-1.0	-0.8
652	11	54.35	15.73	37.11	-1.0	-0.4	-1.0	-1.0
653	11	52.13	10.89	44.83	-1.0	-1.0	-1.0	-1.0
654	11	54.09	5.67	48.99	-1.0	-1.0	-1.0	-1.0
655	11	53.41	4.59	52.06	-1.0	-1.0	-1.0	-1.0
656	11	53.5	2.29	52.44	-1.0	-1.0	-1.0	-1.0
657	11	53.35	0.41	54.22	-1.0	-1.0	-1.0	-1.0
658	11	54.11	0.0	52.89	-1.0	-1.0	-1.0	-1.0
659	11	52.34	0.0	53.44	-1.0	-1.0	-1.0	-1.0
660	11	54.69	0.0	53.07	-1.0	-1.0	-1.0	-1.0
661	11	52.18	0.0	54.2	-1.0	-0.7	-1.0	-0.5
662	11	53.8	0.0	52.98	-1.0	-0.1	-1.0	-1.0
663	11	53.02	0.0	54.85	-1.0	-0.9	-1.0	-1.0
664	11	54.48	0.0	53.62	-1.0	-0.5	-1.0	-1.0
665	11	52.71	0.0	54.67	-1.0	0.0	-0.3	-0.3
666	11	54.33	0.0	54.04	-1.0	0.0	0.0	-1.0
667	11	52.95	0.0	54.84	-1.0	0.0	0.0	-0.1
668	11	54.48	0.0	53.78	-1.0	0.0	0.0	0.0
669	11	52.79	0.0	55.07	-1.0	1.0	1.0	1.0
670	11	55.23	0.0	53.8	-1.0	1.0	1.0	1.0
671	11	53.17	0.0	54.85	-1.0	1.0	1.0	1.0
672	11	55.19	0.0	54.85	-1.0	1.0	1.0	1.0
